model,K,n_seeds,MAP_avg_mean,MAP_avg_std,MAP_avg_best_seed,MAP_avg_worst_seed,MAP_avg_best_val,MAP_avg_worst_val,NRE_ph_mean,NRE_ph_std,NRE_ph_best_seed,NRE_ph_worst_seed,NRE_ph_best_val,NRE_ph_worst_val,NRE_ps_mean,NRE_ps_std,NRE_ps_best_seed,NRE_ps_worst_seed,NRE_ps_best_val,NRE_ps_worst_val,Topic_Coherence_mean,Topic_Coherence_std,Topic_Coherence_best_seed,Topic_Coherence_worst_seed,Topic_Coherence_best_val,Topic_Coherence_worst_val,herb2sym_MAP_mean,herb2sym_MAP_std,herb2sym_MAP_best_seed,herb2sym_MAP_worst_seed,herb2sym_MAP_best_val,herb2sym_MAP_worst_val,herb2sym_NDCG@10_mean,herb2sym_NDCG@10_std,herb2sym_NDCG@10_best_seed,herb2sym_NDCG@10_worst_seed,herb2sym_NDCG@10_best_val,herb2sym_NDCG@10_worst_val,herb2sym_NDCG@5_mean,herb2sym_NDCG@5_std,herb2sym_NDCG@5_best_seed,herb2sym_NDCG@5_worst_seed,herb2sym_NDCG@5_best_val,herb2sym_NDCG@5_worst_val,herb2sym_P@10_mean,herb2sym_P@10_std,herb2sym_P@10_best_seed,herb2sym_P@10_worst_seed,herb2sym_P@10_best_val,herb2sym_P@10_worst_val,herb2sym_P@5_mean,herb2sym_P@5_std,herb2sym_P@5_best_seed,herb2sym_P@5_worst_seed,herb2sym_P@5_best_val,herb2sym_P@5_worst_val,herb2sym_R@10_mean,herb2sym_R@10_std,herb2sym_R@10_best_seed,herb2sym_R@10_worst_seed,herb2sym_R@10_best_val,herb2sym_R@10_worst_val,herb2sym_R@5_mean,herb2sym_R@5_std,herb2sym_R@5_best_seed,herb2sym_R@5_worst_seed,herb2sym_R@5_best_val,herb2sym_R@5_worst_val,herb_NDCG@10_mean,herb_NDCG@10_std,herb_NDCG@10_best_seed,herb_NDCG@10_worst_seed,herb_NDCG@10_best_val,herb_NDCG@10_worst_val,herb_Precision@10_mean,herb_Precision@10_std,herb_Precision@10_best_seed,herb_Precision@10_worst_seed,herb_Precision@10_best_val,herb_Precision@10_worst_val,herb_Recall@10_mean,herb_Recall@10_std,herb_Recall@10_best_seed,herb_Recall@10_worst_seed,herb_Recall@10_best_val,herb_Recall@10_worst_val,herb_pred_PPL_mean,herb_pred_PPL_std,herb_pred_PPL_best_seed,herb_pred_PPL_worst_seed,herb_pred_PPL_best_val,herb_pred_PPL_worst_val,herb_pred_PPL_em_mean,herb_pred_PPL_em_std,herb_pred_PPL_em_best_seed,herb_pred_PPL_em_worst_seed,herb_pred_PPL_em_best_val,herb_pred_PPL_em_worst_val,herb_pred_PPL_prob_mean,herb_pred_PPL_prob_std,herb_pred_PPL_prob_best_seed,herb_pred_PPL_prob_worst_seed,herb_pred_PPL_prob_best_val,herb_pred_PPL_prob_worst_val,sym2herb_MAP_mean,sym2herb_MAP_std,sym2herb_MAP_best_seed,sym2herb_MAP_worst_seed,sym2herb_MAP_best_val,sym2herb_MAP_worst_val,sym2herb_NDCG@10_mean,sym2herb_NDCG@10_std,sym2herb_NDCG@10_best_seed,sym2herb_NDCG@10_worst_seed,sym2herb_NDCG@10_best_val,sym2herb_NDCG@10_worst_val,sym2herb_NDCG@5_mean,sym2herb_NDCG@5_std,sym2herb_NDCG@5_best_seed,sym2herb_NDCG@5_worst_seed,sym2herb_NDCG@5_best_val,sym2herb_NDCG@5_worst_val,sym2herb_P@10_mean,sym2herb_P@10_std,sym2herb_P@10_best_seed,sym2herb_P@10_worst_seed,sym2herb_P@10_best_val,sym2herb_P@10_worst_val,sym2herb_P@5_mean,sym2herb_P@5_std,sym2herb_P@5_best_seed,sym2herb_P@5_worst_seed,sym2herb_P@5_best_val,sym2herb_P@5_worst_val,sym2herb_R@10_mean,sym2herb_R@10_std,sym2herb_R@10_best_seed,sym2herb_R@10_worst_seed,sym2herb_R@10_best_val,sym2herb_R@10_worst_val,sym2herb_R@5_mean,sym2herb_R@5_std,sym2herb_R@5_best_seed,sym2herb_R@5_worst_seed,sym2herb_R@5_best_val,sym2herb_R@5_worst_val,sym_NDCG@10_mean,sym_NDCG@10_std,sym_NDCG@10_best_seed,sym_NDCG@10_worst_seed,sym_NDCG@10_best_val,sym_NDCG@10_worst_val,sym_Precision@10_mean,sym_Precision@10_std,sym_Precision@10_best_seed,sym_Precision@10_worst_seed,sym_Precision@10_best_val,sym_Precision@10_worst_val,sym_Recall@10_mean,sym_Recall@10_std,sym_Recall@10_best_seed,sym_Recall@10_worst_seed,sym_Recall@10_best_val,sym_Recall@10_worst_val,sym_pred_PPL_mean,sym_pred_PPL_std,sym_pred_PPL_best_seed,sym_pred_PPL_worst_seed,sym_pred_PPL_best_val,sym_pred_PPL_worst_val,sym_pred_PPL_em_mean,sym_pred_PPL_em_std,sym_pred_PPL_em_best_seed,sym_pred_PPL_em_worst_seed,sym_pred_PPL_em_best_val,sym_pred_PPL_em_worst_val,sym_pred_PPL_prob_mean,sym_pred_PPL_prob_std,sym_pred_PPL_prob_best_seed,sym_pred_PPL_prob_worst_seed,sym_pred_PPL_prob_best_val,sym_pred_PPL_prob_worst_val
ptm_a,5,10,,,,,,,,,,,,,,,,,,,0.774000,0.038000,1,2,0.820000,0.700000,,,,,,,,,,,,,,,,,,,,,,,,,0.092122,0.001804,5,4,0.093923,0.088663,,,,,,,,,,,,,,,,,,,,,,,,,,,,,,,245.992339,7.561549,8,7,234.957184,258.757247,,,,,,,,,,,,,,,,,,,,,,,,,,,,,,,,,,,,,0.226013,0.004325,4,2,0.235664,0.220363,,,,,,,,,,,,,,,,,,,,,,,,,,,,,,,79.112933,1.960757,3,7,77.240738,83.317606,,,,,,,,,,,,
ptm_a,10,10,,,,,,,,,,,,,,,,,,,0.710000,0.046690,5,3,0.760000,0.610000,,,,,,,,,,,,,,,,,,,,,,,,,0.101291,0.000772,1,2,0.102650,0.099861,,,,,,,,,,,,,,,,,,,,,,,,,,,,,,,295.984073,4.410953,5,10,290.760866,304.392656,,,,,,,,,,,,,,,,,,,,,,,,,,,,,,,,,,,,,0.234110,0.003505,5,8,0.238055,0.225224,,,,,,,,,,,,,,,,,,,,,,,,,,,,,,,74.064418,0.543051,5,8,72.807217,74.788357,,,,,,,,,,,,
ptm_a,15,3,,,,,,,,,,,,,,,,,,,0.655556,0.029979,2,1,0.693333,0.620000,,,,,,,,,,,,,,,,,,,,,,,,,0.106914,0.000704,3,1,0.107870,0.106196,,,,,,,,,,,,,,,,,,,,,,,,,,,,,,,158.487600,1.595349,2,1,157.250386,160.740123,,,,,,,,,,,,,,,,,,,,,,,,,,,,,,,,,,,,,0.256944,0.001698,3,1,0.258338,0.254553,,,,,,,,,,,,,,,,,,,,,,,,,,,,,,,61.969176,0.859969,3,1,60.856866,62.951236,,,,,,,,,,,,
ptm_a,20,10,,,,,,,,,,,,,,,,,,,0.575000,0.021602,1,3,0.595000,0.545000,,,,,,,,,,,,,,,,,,,,,,,,,0.103650,0.001457,1,10,0.105811,0.100889,,,,,,,,,,,,,,,,,,,,,,,,,,,,,,,395.636557,11.012901,6,10,369.959884,411.129082,,,,,,,,,,,,,,,,,,,,,,,,,,,,,,,,,,,,,0.208805,0.002301,9,4,0.211859,0.204625,,,,,,,,,,,,,,,,,,,,,,,,,,,,,,,85.222183,1.261545,6,7,83.239439,87.286732,,,,,,,,,,,,
ptm_a,25,10,,,,,,,,,,,,,,,,,,,0.596800,0.024903,4,1,0.660000,0.564000,,,,,,,,,,,,,,,,,,,,,,,,,0.106101,0.000958,4,1,0.107671,0.104443,,,,,,,,,,,,,,,,,,,,,,,,,,,,,,,317.527225,5.142126,10,2,304.645714,323.649263,,,,,,,,,,,,,,,,,,,,,,,,,,,,,,,,,,,,,0.228739,0.001713,8,5,0.231759,0.226220,,,,,,,,,,,,,,,,,,,,,,,,,,,,,,,71.306815,0.711554,4,9,70.284809,73.006394,,,,,,,,,,,,
ptm_a,30,10,,,,,,,,,,,,,,,,,,,0.614667,0.023907,10,6,0.653333,0.580000,,,,,,,,,,,,,,,,,,,,,,,,,0.107057,0.001512,4,2,0.108747,0.103527,,,,,,,,,,,,,,,,,,,,,,,,,,,,,,,304.283872,7.151894,5,2,287.251926,315.658498,,,,,,,,,,,,,,,,,,,,,,,,,,,,,,,,,,,,,0.229934,0.003701,3,8,0.235704,0.224626,,,,,,,,,,,,,,,,,,,,,,,,,,,,,,,69.926632,0.905167,4,2,67.969318,71.417506,,,,,,,,,,,,
ptm_a,35,10,,,,,,,,,,,,,,,,,,,0.593143,0.017989,1,5,0.620000,0.574286,,,,,,,,,,,,,,,,,,,,,,,,,0.106970,0.000784,8,5,0.108109,0.105599,,,,,,,,,,,,,,,,,,,,,,,,,,,,,,,303.208408,3.450244,2,6,297.270374,308.345523,,,,,,,,,,,,,,,,,,,,,,,,,,,,,,,,,,,,,0.227304,0.002101,2,1,0.231600,0.224467,,,,,,,,,,,,,,,,,,,,,,,,,,,,,,,70.318666,0.970382,2,7,68.141739,71.511374,,,,,,,,,,,,
ptm_a,40,10,,,,,,,,,,,,,,,,,,,0.578500,0.023162,4,5,0.620000,0.542500,,,,,,,,,,,,,,,,,,,,,,,,,0.107846,0.000794,10,7,0.109026,0.106196,,,,,,,,,,,,,,,,,,,,,,,,,,,,,,,288.699588,3.979453,1,7,281.567316,295.837737,,,,,,,,,,,,,,,,,,,,,,,,,,,,,,,,,,,,,0.224136,0.003071,3,10,0.231201,0.219406,,,,,,,,,,,,,,,,,,,,,,,,,,,,,,,69.516613,0.581380,1,7,68.518135,70.554725,,,,,,,,,,,,
ptm_b,5,10,,,,,,,,,,,,,,,,,,,0.836000,0.039799,6,9,0.900000,0.760000,,,,,,,,,,,,,,,,,,,,,,,,,0.086962,0.001860,6,4,0.089540,0.082805,,,,,,,,,,,,,,,,,,,,,,,,,,,,,,,169.329350,2.600330,6,4,163.922639,174.427969,,,,,,,,,,,,,,,,,,,,,,,,,,,,,,,,,,,,,0.229914,0.004174,8,4,0.235386,0.222993,,,,,,,,,,,,,,,,,,,,,,,,,,,,,,,80.147162,1.469647,6,4,76.900018,82.544933,,,,,,,,,,,,
ptm_b,10,10,,,,,,,,,,,,,,,,,,,0.781000,0.032696,2,6,0.830000,0.730000,,,,,,,,,,,,,,,,,,,,,,,,,0.094756,0.002340,3,8,0.099422,0.091213,,,,,,,,,,,,,,,,,,,,,,,,,,,,,,,159.345666,2.180704,3,10,155.159834,162.987805,,,,,,,,,,,,,,,,,,,,,,,,,,,,,,,,,,,,,0.240944,0.003880,3,8,0.247420,0.234868,,,,,,,,,,,,,,,,,,,,,,,,,,,,,,,72.566272,1.549631,3,10,70.045579,74.607991,,,,,,,,,,,,
ptm_b,15,3,,,,,,,,,,,,,,,,,,,0.722222,0.026851,3,2,0.760000,0.700000,,,,,,,,,,,,,,,,,,,,,,,,,0.096978,0.000849,2,1,0.097868,0.095836,,,,,,,,,,,,,,,,,,,,,,,,,,,,,,,152.745692,0.229734,1,3,152.420896,152.914974,,,,,,,,,,,,,,,,,,,,,,,,,,,,,,,,,,,,,0.246503,0.002127,2,3,0.249492,0.244710,,,,,,,,,,,,,,,,,,,,,,,,,,,,,,,70.193635,0.232304,2,3,69.882696,70.440948,,,,,,,,,,,,
ptm_b,20,10,,,,,,,,,,,,,,,,,,,0.713333,0.020950,2,3,0.735000,0.685000,,,,,,,,,,,,,,,,,,,,,,,,,0.098233,0.000836,3,8,0.099318,0.096176,,,,,,,,,,,,,,,,,,,,,,,,,,,,,,,222.717184,2.462064,3,4,218.881910,226.726245,,,,,,,,,,,,,,,,,,,,,,,,,,,,,,,,,,,,,0.221740,0.004402,3,4,0.227275,0.211918,,,,,,,,,,,,,,,,,,,,,,,,,,,,,,,82.929053,0.955381,1,8,81.062647,84.462941,,,,,,,,,,,,
ptm_b,25,10,,,,,,,,,,,,,,,,,,,0.698800,0.024790,9,6,0.748000,0.664000,,,,,,,,,,,,,,,,,,,,,,,,,0.100335,0.001231,5,7,0.102690,0.098187,,,,,,,,,,,,,,,,,,,,,,,,,,,,,,,152.570197,1.377980,3,8,150.078747,154.839438,,,,,,,,,,,,,,,,,,,,,,,,,,,,,,,,,,,,,0.250369,0.002656,10,9,0.254393,0.246105,,,,,,,,,,,,,,,,,,,,,,,,,,,,,,,67.796269,0.977310,3,8,66.539792,69.575249,,,,,,,,,,,,
ptm_b,30,10,,,,,,,,,,,,,,,,,,,0.701000,0.021032,10,1,0.736667,0.663333,,,,,,,,,,,,,,,,,,,,,,,,,0.102614,0.001078,10,4,0.104284,0.100737,,,,,,,,,,,,,,,,,,,,,,,,,,,,,,,151.530372,0.862883,1,7,150.156211,153.273226,,,,,,,,,,,,,,,,,,,,,,,,,,,,,,,,,,,,,0.250667,0.002734,9,3,0.254553,0.247659,,,,,,,,,,,,,,,,,,,,,,,,,,,,,,,66.605873,0.634285,2,7,65.818273,67.825318,,,,,,,,,,,,
ptm_b,35,10,,,,,,,,,,,,,,,,,,,0.683714,0.018118,9,5,0.714286,0.657143,,,,,,,,,,,,,,,,,,,,,,,,,0.103132,0.000919,10,1,0.104682,0.101813,,,,,,,,,,,,,,,,,,,,,,,,,,,,,,,151.097072,0.832187,7,2,149.756073,152.479586,,,,,,,,,,,,,,,,,,,,,,,,,,,,,,,,,,,,,0.253142,0.001140,9,3,0.255150,0.251365,,,,,,,,,,,,,,,,,,,,,,,,,,,,,,,66.069834,0.489460,7,9,64.896379,66.635944,,,,,,,,,,,,
ptm_b,40,10,,,,,,,,,,,,,,,,,,,0.670250,0.016296,8,3,0.690000,0.640000,,,,,,,,,,,,,,,,,,,,,,,,,0.103570,0.001082,4,5,0.105320,0.101335,,,,,,,,,,,,,,,,,,,,,,,,,,,,,,,150.556122,0.565930,10,9,149.420920,151.335575,,,,,,,,,,,,,,,,,,,,,,,,,,,,,,,,,,,,,0.253289,0.002281,1,6,0.255629,0.248775,,,,,,,,,,,,,,,,,,,,,,,,,,,,,,,65.812629,0.423826,10,9,65.161941,66.796914,,,,,,,,,,,,
ptm_c,5,10,,,,,,,,,,,,,,,,,,,0.864000,0.032000,10,3,0.920000,0.820000,,,,,,,,,,,,,,,,,,,,,,,,,0.089815,0.001755,4,7,0.092528,0.087069,,,,,,,,,,,,,,,,,,,,,,,,,,,,,,,190.565107,3.882853,4,2,186.614329,198.508718,,,,,,,,,,,,,,,,,,,,,,,,,,,,,,,,,,,,,0.230907,0.003230,1,2,0.235864,0.225981,,,,,,,,,,,,,,,,,,,,,,,,,,,,,,,77.144914,1.398601,4,2,74.644286,79.381502,,,,,,,,,,,,
ptm_c,10,10,,,,,,,,,,,,,,,,,,,0.817000,0.024920,5,3,0.840000,0.760000,,,,,,,,,,,,,,,,,,,,,,,,,0.098721,0.001171,10,4,0.100498,0.096553,,,,,,,,,,,,,,,,,,,,,,,,,,,,,,,198.154088,3.407011,1,5,190.597876,202.283753,,,,,,,,,,,,,,,,,,,,,,,,,,,,,,,,,,,,,0.240287,0.002383,10,3,0.244232,0.237258,,,,,,,,,,,,,,,,,,,,,,,,,,,,,,,70.099422,0.665014,10,4,68.958567,71.106226,,,,,,,,,,,,
ptm_c,15,10,,,,,,,,,,,,,,,,,,,0.807333,0.024120,3,6,0.840000,0.760000,,,,,,,,,,,,,,,,,,,,,,,,,0.101148,0.000899,3,10,0.102690,0.098984,,,,,,,,,,,,,,,,,,,,,,,,,,,,,,,205.720724,3.590442,6,2,197.257673,210.365730,,,,,,,,,,,,,,,,,,,,,,,,,,,,,,,,,,,,,0.238697,0.001678,7,8,0.241443,0.235306,,,,,,,,,,,,,,,,,,,,,,,,,,,,,,,68.636588,0.677908,6,5,67.688744,69.977486,,,,,,,,,,,,
ptm_c,20,10,,,,,,,,,,,,,,,,,,,0.820000,0.010801,1,3,0.830000,0.805000,,,,,,,,,,,,,,,,,,,,,,,,,0.098393,0.001372,8,1,0.100534,0.095879,,,,,,,,,,,,,,,,,,,,,,,,,,,,,,,280.239051,4.280642,6,7,274.117230,288.581551,,,,,,,,,,,,,,,,,,,,,,,,,,,,,,,,,,,,,0.210815,0.002945,1,5,0.215417,0.205366,,,,,,,,,,,,,,,,,,,,,,,,,,,,,,,83.561328,0.973023,8,1,81.929146,85.052040,,,,,,,,,,,,
ptm_c,25,10,,,,,,,,,,,,,,,,,,,0.808000,0.022271,3,1,0.836000,0.772000,,,,,,,,,,,,,,,,,,,,,,,,,0.103172,0.000971,10,2,0.105081,0.101733,,,,,,,,,,,,,,,,,,,,,,,,,,,,,,,213.349720,2.538319,10,9,208.170017,218.045677,,,,,,,,,,,,,,,,,,,,,,,,,,,,,,,,,,,,,0.237796,0.003017,3,1,0.241323,0.230484,,,,,,,,,,,,,,,,,,,,,,,,,,,,,,,67.493703,0.508756,10,1,66.514701,68.448859,,,,,,,,,,,,
ptm_c,30,10,,,,,,,,,,,,,,,,,,,0.808000,0.011566,5,6,0.823333,0.790000,,,,,,,,,,,,,,,,,,,,,,,,,0.103817,0.001044,2,6,0.105280,0.101295,,,,,,,,,,,,,,,,,,,,,,,,,,,,,,,212.638412,2.785138,7,10,207.355173,216.666937,,,,,,,,,,,,,,,,,,,,,,,,,,,,,,,,,,,,,0.237625,0.003506,5,2,0.245985,0.234190,,,,,,,,,,,,,,,,,,,,,,,,,,,,,,,67.637720,0.658090,2,10,66.431440,68.705924,,,,,,,,,,,,
ptm_c,35,10,,,,,,,,,,,,,,,,,,,0.801429,0.009668,7,4,0.820000,0.782857,,,,,,,,,,,,,,,,,,,,,,,,,0.103718,0.000767,1,3,0.104523,0.102451,,,,,,,,,,,,,,,,,,,,,,,,,,,,,,,213.081377,3.449465,5,1,207.573664,218.996290,,,,,,,,,,,,,,,,,,,,,,,,,,,,,,,,,,,,,0.234306,0.002514,5,8,0.239012,0.231002,,,,,,,,,,,,,,,,,,,,,,,,,,,,,,,67.664017,0.798483,5,1,65.948490,68.821583,,,,,,,,,,,,
ptm_c,40,10,,,,,,,,,,,,,,,,,,,0.799750,0.012721,8,6,0.825000,0.785000,,,,,,,,,,,,,,,,,,,,,,,,,0.102909,0.000779,3,6,0.104124,0.101813,,,,,,,,,,,,,,,,,,,,,,,,,,,,,,,211.334948,2.367285,8,9,207.200527,213.934980,,,,,,,,,,,,,,,,,,,,,,,,,,,,,,,,,,,,,0.231265,0.003691,8,1,0.238852,0.227137,,,,,,,,,,,,,,,,,,,,,,,,,,,,,,,68.093933,0.668468,5,1,66.990631,68.873816,,,,,,,,,,,,
ptm_d,5,10,,,,,,,,,,,,,,,,,,,0.866000,0.042000,3,10,0.920000,0.800000,,,,,,,,,,,,,,,,,,,,,,,,,0.086691,0.001589,6,1,0.089380,0.084678,,,,,,,,,,,,,,,,,,,,,,,,,,,,,,,167.044593,2.771394,10,7,161.664067,170.917191,,,,,,,,,,,,,,,,,,,,,,,,,,,,,,,,,,,,,0.230675,0.003727,2,8,0.236222,0.224347,,,,,,,,,,,,,,,,,,,,,,,,,,,,,,,79.936844,1.503627,10,7,76.717817,81.644001,,,,,,,,,,,,
ptm_d,10,10,,,,,,,,,,,,,,,,,,,0.817000,0.026851,6,1,0.880000,0.790000,,,,,,,,,,,,,,,,,,,,,,,,,0.093409,0.001729,9,7,0.095955,0.090815,,,,,,,,,,,,,,,,,,,,,,,,,,,,,,,156.819815,2.121958,10,5,153.139594,160.851536,,,,,,,,,,,,,,,,,,,,,,,,,,,,,,,,,,,,,0.240777,0.003605,8,6,0.246663,0.233353,,,,,,,,,,,,,,,,,,,,,,,,,,,,,,,73.317052,1.474522,10,5,70.745300,75.770316,,,,,,,,,,,,
ptm_d,15,10,,,,,,,,,,,,,,,,,,,0.803333,0.017448,10,1,0.833333,0.773333,,,,,,,,,,,,,,,,,,,,,,,,,0.095394,0.001263,5,6,0.097031,0.093485,,,,,,,,,,,,,,,,,,,,,,,,,,,,,,,153.765805,1.858557,10,2,151.329352,156.731926,,,,,,,,,,,,,,,,,,,,,,,,,,,,,,,,,,,,,0.244575,0.002728,5,2,0.247539,0.237418,,,,,,,,,,,,,,,,,,,,,,,,,,,,,,,71.035602,1.052918,5,6,69.416318,72.843375,,,,,,,,,,,,
ptm_d,20,10,,,,,,,,,,,,,,,,,,,0.770000,0.012247,2,3,0.785000,0.755000,,,,,,,,,,,,,,,,,,,,,,,,,0.096223,0.000476,6,4,0.097184,0.095523,,,,,,,,,,,,,,,,,,,,,,,,,,,,,,,219.244880,2.332364,6,7,215.545268,223.640706,,,,,,,,,,,,,,,,,,,,,,,,,,,,,,,,,,,,,0.218586,0.002953,3,7,0.222828,0.214349,,,,,,,,,,,,,,,,,,,,,,,,,,,,,,,84.753826,1.065414,6,7,83.209582,86.540488,,,,,,,,,,,,
ptm_d,25,10,,,,,,,,,,,,,,,,,,,0.789600,0.020333,10,4,0.812000,0.748000,,,,,,,,,,,,,,,,,,,,,,,,,0.099040,0.000804,3,10,0.100618,0.097549,,,,,,,,,,,,,,,,,,,,,,,,,,,,,,,150.117624,1.249505,7,9,148.266751,152.161680,,,,,,,,,,,,,,,,,,,,,,,,,,,,,,,,,,,,,0.249600,0.003610,4,9,0.254473,0.242797,,,,,,,,,,,,,,,,,,,,,,,,,,,,,,,68.565363,0.641191,6,9,67.686497,69.787264,,,,,,,,,,,,
ptm_d,30,10,,,,,,,,,,,,,,,,,,,0.780000,0.023381,6,3,0.813333,0.743333,,,,,,,,,,,,,,,,,,,,,,,,,0.100462,0.001263,4,10,0.102411,0.098386,,,,,,,,,,,,,,,,,,,,,,,,,,,,,,,148.500960,0.888067,4,6,147.029428,149.792758,,,,,,,,,,,,,,,,,,,,,,,,,,,,,,,,,,,,,0.252158,0.002755,4,10,0.257262,0.247460,,,,,,,,,,,,,,,,,,,,,,,,,,,,,,,67.746604,0.594447,4,10,66.565640,68.697026,,,,,,,,,,,,
ptm_d,35,10,,,,,,,,,,,,,,,,,,,0.763429,0.010126,4,10,0.774286,0.737143,,,,,,,,,,,,,,,,,,,,,,,,,0.100606,0.000745,5,8,0.102092,0.099422,,,,,,,,,,,,,,,,,,,,,,,,,,,,,,,148.739546,0.692447,10,9,147.545484,149.814833,,,,,,,,,,,,,,,,,,,,,,,,,,,,,,,,,,,,,0.251054,0.001554,10,8,0.253796,0.248336,,,,,,,,,,,,,,,,,,,,,,,,,,,,,,,67.790158,0.359407,10,9,67.000693,68.291642,,,,,,,,,,,,
ptm_d,40,10,,,,,,,,,,,,,,,,,,,0.769500,0.021148,3,5,0.802500,0.745000,,,,,,,,,,,,,,,,,,,,,,,,,0.101064,0.000728,6,5,0.102052,0.099741,,,,,,,,,,,,,,,,,,,,,,,,,,,,,,,148.367292,0.978986,6,4,147.420332,150.562890,,,,,,,,,,,,,,,,,,,,,,,,,,,,,,,,,,,,,0.252752,0.002572,10,4,0.257462,0.248257,,,,,,,,,,,,,,,,,,,,,,,,,,,,,,,67.459546,0.547932,7,3,66.635489,68.502270,,,,,,,,,,,,
atm,5,10,,,,,,,,,,,,,,,,,,,,,,,,,,,,,,,,,,,,,,,,,,,,,,,,,0.074652,0.000303,4,10,0.075314,0.074198,,,,,,,,,,,,,,,,,,,,,,,,,,,,,,,821.613931,2.133581,2,8,818.409753,825.005977,,,,,,,,,,,,,,,,,,,,,,,,,,,,,,,,,,,,,0.005902,0.001369,5,3,0.008368,0.003427,,,,,,,,,,,,,,,,,,,,,,,,,,,,,,,98.643703,0.195142,9,8,98.306887,98.886255,,,,,,,,,,,,
atm,10,10,,,,,,,,,,,,,,,,,,,,,,,,,,,,,,,,,,,,,,,,,,,,,,,,,0.074385,0.000750,9,5,0.075633,0.073521,,,,,,,,,,,,,,,,,,,,,,,,,,,,,,,834.309032,2.915040,8,10,829.992824,839.277401,,,,,,,,,,,,,,,,,,,,,,,,,,,,,,,,,,,,,0.008667,0.002073,10,4,0.010958,0.004065,,,,,,,,,,,,,,,,,,,,,,,,,,,,,,,99.119707,0.327874,8,10,98.456985,99.556085,,,,,,,,,,,,
atm,20,10,,,,,,,,,,,,,,,,,,,,,,,,,,,,,,,,,,,,,,,,,,,,,,,,,0.074206,0.000600,6,3,0.074836,0.072883,,,,,,,,,,,,,,,,,,,,,,,,,,,,,,,852.489745,4.480034,8,2,846.717016,861.582838,,,,,,,,,,,,,,,,,,,,,,,,,,,,,,,,,,,,,0.008834,0.001973,10,6,0.012712,0.006057,,,,,,,,,,,,,,,,,,,,,,,,,,,,,,,99.616263,0.518618,9,4,98.948473,100.482131,,,,,,,,,,,,
atm,25,10,,,,,,,,,,,,,,,,,,,,,,,,,,,,,,,,,,,,,,,,,,,,,,,,,0.073744,0.000700,7,8,0.074915,0.072604,,,,,,,,,,,,,,,,,,,,,,,,,,,,,,,858.834737,2.886214,7,8,856.119938,866.510037,,,,,,,,,,,,,,,,,,,,,,,,,,,,,,,,,,,,,0.009914,0.002367,6,8,0.013588,0.006216,,,,,,,,,,,,,,,,,,,,,,,,,,,,,,,99.906170,0.388351,9,8,99.151492,100.731966,,,,,,,,,,,,
atm,30,10,,,,,,,,,,,,,,,,,,,,,,,,,,,,,,,,,,,,,,,,,,,,,,,,,0.073819,0.000885,1,2,0.075154,0.072485,,,,,,,,,,,,,,,,,,,,,,,,,,,,,,,866.700881,3.005100,2,8,862.355626,871.309390,,,,,,,,,,,,,,,,,,,,,,,,,,,,,,,,,,,,,0.008898,0.002168,7,5,0.012433,0.005858,,,,,,,,,,,,,,,,,,,,,,,,,,,,,,,100.198677,0.321860,1,3,99.574541,100.757966,,,,,,,,,,,,
atm,35,10,,,,,,,,,,,,,,,,,,,,,,,,,,,,,,,,,,,,,,,,,,,,,,,,,0.073967,0.000620,2,4,0.074716,0.072724,,,,,,,,,,,,,,,,,,,,,,,,,,,,,,,873.189914,3.896448,1,7,867.596414,879.795771,,,,,,,,,,,,,,,,,,,,,,,,,,,,,,,,,,,,,0.008396,0.001314,4,6,0.010042,0.006017,,,,,,,,,,,,,,,,,,,,,,,,,,,,,,,100.463624,0.369689,2,7,99.878871,101.061841,,,,,,,,,,,,
atm,40,10,,,,,,,,,,,,,,,,,,,,,,,,,,,,,,,,,,,,,,,,,,,,,,,,,0.073784,0.000714,3,9,0.074796,0.072803,,,,,,,,,,,,,,,,,,,,,,,,,,,,,,,877.966122,4.404047,7,5,873.280037,888.948659,,,,,,,,,,,,,,,,,,,,,,,,,,,,,,,,,,,,,0.008141,0.002160,2,5,0.012194,0.005619,,,,,,,,,,,,,,,,,,,,,,,,,,,,,,,100.840063,0.467951,4,5,100.149527,101.950714,,,,,,,,,,,,
bibtm,5,10,,,,,,,,,,,,,,,,,,,,,,,,,,,,,,,,,,,,,,,,,,,,,,,,,0.074967,0.000026,1,8,0.074995,0.074915,,,,,,,,,,,,,,,,,,,,,,,,,,,,,,,196.718737,0.001347,3,1,196.716046,196.720602,,,,,,,,,,,,,,,,,,,,,,,,,,,,,,,,,,,,,0.214266,0.000000,1,1,0.214266,0.214266,,,,,,,,,,,,,,,,,,,,,,,,,,,,,,,99.403790,0.001364,3,1,99.400935,99.405632,,,,,,,,,,,,
bibtm,10,10,,,,,,,,,,,,,,,,,,,,,,,,,,,,,,,,,,,,,,,,,,,,,,,,,0.074971,0.000026,2,4,0.074995,0.074915,,,,,,,,,,,,,,,,,,,,,,,,,,,,,,,196.676373,0.001912,3,9,196.672839,196.680533,,,,,,,,,,,,,,,,,,,,,,,,,,,,,,,,,,,,,0.214266,0.000000,1,1,0.214266,0.214266,,,,,,,,,,,,,,,,,,,,,,,,,,,,,,,99.334673,0.000975,4,8,99.333715,99.336646,,,,,,,,,,,,
bibtm,15,10,,,,,,,,,,,,,,,,,,,1.000000,0.000000,1,1,1.000000,1.000000,,,,,,,,,,,,,,,,,,,,,,,,,0.074963,0.000024,4,8,0.074995,0.074915,,,,,,,,,,,,,,,,,,,,,,,,,,,,,,,196.652153,0.002095,2,3,196.648950,196.655079,,,,,,,,,,,,,,,,,,,,,,,,,,,,,,,,,,,,,0.214266,0.000000,1,1,0.214266,0.214266,,,,,,,,,,,,,,,,,,,,,,,,,,,,,,,99.294849,0.001973,9,7,99.291939,99.297909,,,,,,,,,,,,
bibtm,20,10,,,,,,,,,,,,,,,,,,,,,,,,,,,,,,,,,,,,,,,,,,,,,,,,,0.074959,0.000021,4,2,0.074995,0.074915,,,,,,,,,,,,,,,,,,,,,,,,,,,,,,,196.635875,0.002149,10,1,196.632066,196.638466,,,,,,,,,,,,,,,,,,,,,,,,,,,,,,,,,,,,,0.214266,0.000000,1,1,0.214266,0.214266,,,,,,,,,,,,,,,,,,,,,,,,,,,,,,,99.266335,0.003547,2,1,99.261422,99.273347,,,,,,,,,,,,
bibtm,25,10,,,,,,,,,,,,,,,,,,,,,,,,,,,,,,,,,,,,,,,,,,,,,,,,,0.074963,0.000035,5,10,0.075035,0.074915,,,,,,,,,,,,,,,,,,,,,,,,,,,,,,,196.621275,0.003288,2,3,196.616111,196.625753,,,,,,,,,,,,,,,,,,,,,,,,,,,,,,,,,,,,,0.214266,0.000000,1,1,0.214266,0.214266,,,,,,,,,,,,,,,,,,,,,,,,,,,,,,,99.241832,0.003403,8,3,99.233776,99.245958,,,,,,,,,,,,
bibtm,30,10,,,,,,,,,,,,,,,,,,,,,,,,,,,,,,,,,,,,,,,,,,,,,,,,,0.074935,0.000057,4,1,0.074995,0.074836,,,,,,,,,,,,,,,,,,,,,,,,,,,,,,,196.610285,0.004067,3,7,196.603641,196.616202,,,,,,,,,,,,,,,,,,,,,,,,,,,,,,,,,,,,,0.214266,0.000000,1,1,0.214266,0.214266,,,,,,,,,,,,,,,,,,,,,,,,,,,,,,,99.222946,0.003095,5,2,99.218421,99.228238,,,,,,,,,,,,
bibtm,35,10,,,,,,,,,,,,,,,,,,,,,,,,,,,,,,,,,,,,,,,,,,,,,,,,,0.074919,0.000028,4,1,0.074955,0.074875,,,,,,,,,,,,,,,,,,,,,,,,,,,,,,,196.601727,0.003088,6,8,196.596289,196.605070,,,,,,,,,,,,,,,,,,,,,,,,,,,,,,,,,,,,,0.214266,0.000000,1,1,0.214266,0.214266,,,,,,,,,,,,,,,,,,,,,,,,,,,,,,,99.207340,0.002869,6,2,99.203197,99.211605,,,,,,,,,,,,
bibtm,40,10,,,,,,,,,,,,,,,,,,,0.999750,0.000750,1,7,1.000000,0.997500,,,,,,,,,,,,,,,,,,,,,,,,,0.074943,0.000062,8,1,0.075075,0.074875,,,,,,,,,,,,,,,,,,,,,,,,,,,,,,,196.594193,0.002966,7,3,196.588883,196.600293,,,,,,,,,,,,,,,,,,,,,,,,,,,,,,,,,,,,,0.214266,0.000000,1,1,0.214266,0.214266,,,,,,,,,,,,,,,,,,,,,,,,,,,,,,,99.194867,0.002380,9,5,99.190953,99.199550,,,,,,,,,,,,
blocklda,5,10,,,,,,,,,,,,,,,,,,,0.520000,0.069282,3,10,0.620000,0.380000,,,,,,,,,,,,,,,,,,,,,,,,,0.074102,0.000475,2,3,0.075075,0.073521,,,,,,,,,,,,,,,,,,,,,,,,,,,,,,,nan,nan,1,1,nan,nan,,,,,,,,,,,,,,,,,,,,,,,,,,,,,,,,,,,,,0.079151,0.049690,5,9,0.214266,0.024308,,,,,,,,,,,,,,,,,,,,,,,,,,,,,,,nan,nan,1,1,nan,nan,,,,,,,,,,,,
blocklda,10,10,,,,,,,,,,,,,,,,,,,0.423000,0.035511,1,5,0.480000,0.360000,,,,,,,,,,,,,,,,,,,,,,,,,0.067798,0.002013,10,7,0.071727,0.064913,,,,,,,,,,,,,,,,,,,,,,,,,,,,,,,nan,nan,1,1,nan,nan,,,,,,,,,,,,,,,,,,,,,,,,,,,,,,,,,,,,,0.100825,0.004544,7,10,0.106794,0.094003,,,,,,,,,,,,,,,,,,,,,,,,,,,,,,,nan,nan,1,1,nan,nan,,,,,,,,,,,,
blocklda,15,10,,,,,,,,,,,,,,,,,,,0.420000,0.038528,1,7,0.480000,0.360000,,,,,,,,,,,,,,,,,,,,,,,,,0.099538,0.001505,10,9,0.102092,0.097350,,,,,,,,,,,,,,,,,,,,,,,,,,,,,,,370.717206,18.520462,4,2,350.555673,404.136889,,,,,,,,,,,,,,,,,,,,,,,,,,,,,,,,,,,,,0.228265,0.002323,1,5,0.232676,0.224945,,,,,,,,,,,,,,,,,,,,,,,,,,,,,,,79.904491,1.284093,8,9,77.977051,82.409127,,,,,,,,,,,,
blocklda,20,10,,,,,,,,,,,,,,,,,,,0.387500,0.024418,3,7,0.430000,0.350000,,,,,,,,,,,,,,,,,,,,,,,,,0.076505,0.002938,5,4,0.079976,0.070532,,,,,,,,,,,,,,,,,,,,,,,,,,,,,,,nan,nan,4,4,nan,nan,,,,,,,,,,,,,,,,,,,,,,,,,,,,,,,,,,,,,0.207631,0.006846,5,10,0.213270,0.193266,,,,,,,,,,,,,,,,,,,,,,,,,,,,,,,nan,nan,4,4,nan,nan,,,,,,,,,,,,
blocklda,25,10,,,,,,,,,,,,,,,,,,,0.388000,0.029065,1,10,0.452000,0.344000,,,,,,,,,,,,,,,,,,,,,,,,,0.060271,0.004031,6,1,0.067543,0.053477,,,,,,,,,,,,,,,,,,,,,,,,,,,,,,,nan,nan,1,1,nan,nan,,,,,,,,,,,,,,,,,,,,,,,,,,,,,,,,,,,,,0.195378,0.008150,8,4,0.209404,0.183821,,,,,,,,,,,,,,,,,,,,,,,,,,,,,,,nan,nan,1,1,nan,nan,,,,,,,,,,,,
blocklda,30,10,,,,,,,,,,,,,,,,,,,0.400000,0.036056,7,5,0.443333,0.346667,,,,,,,,,,,,,,,,,,,,,,,,,0.061845,0.003518,6,3,0.066228,0.054991,,,,,,,,,,,,,,,,,,,,,,,,,,,,,,,nan,nan,1,1,nan,nan,,,,,,,,,,,,,,,,,,,,,,,,,,,,,,,,,,,,,0.192341,0.012890,2,8,0.205898,0.157282,,,,,,,,,,,,,,,,,,,,,,,,,,,,,,,nan,nan,1,1,nan,nan,,,,,,,,,,,,
blocklda,35,10,,,,,,,,,,,,,,,,,,,0.419714,0.023437,8,2,0.454286,0.362857,,,,,,,,,,,,,,,,,,,,,,,,,0.060877,0.002823,10,8,0.064276,0.055828,,,,,,,,,,,,,,,,,,,,,,,,,,,,,,,nan,nan,1,1,nan,nan,,,,,,,,,,,,,,,,,,,,,,,,,,,,,,,,,,,,,0.164240,0.016787,10,2,0.196214,0.147280,,,,,,,,,,,,,,,,,,,,,,,,,,,,,,,nan,nan,1,1,nan,nan,,,,,,,,,,,,
blocklda,40,10,,,,,,,,,,,,,,,,,,,0.426500,0.021337,4,10,0.470000,0.405000,,,,,,,,,,,,,,,,,,,,,,,,,0.064156,0.002374,9,6,0.067384,0.058617,,,,,,,,,,,,,,,,,,,,,,,,,,,,,,,nan,nan,1,1,nan,nan,,,,,,,,,,,,,,,,,,,,,,,,,,,,,,,,,,,,,0.167571,0.018413,7,4,0.199004,0.144850,,,,,,,,,,,,,,,,,,,,,,,,,,,,,,,nan,nan,1,1,nan,nan,,,,,,,,,,,,
linklda,5,10,,,,,,,,,,,,,,,,,,,,,,,,,,,,,,,,,,,,,,,,,,,,,,,,,0.093313,0.000712,3,2,0.095079,0.092249,,,,,,,,,,,,,,,,,,,,,,,,,,,,,,,308.664974,6.550779,2,4,300.344103,322.192965,,,,,,,,,,,,,,,,,,,,,,,,,,,,,,,,,,,,,0.226101,0.000714,9,4,0.227217,0.225025,,,,,,,,,,,,,,,,,,,,,,,,,,,,,,,83.127437,0.511308,6,1,82.140720,84.161854,,,,,,,,,,,,
linklda,10,10,,,,,,,,,,,,,,,,,,,,,,,,,,,,,,,,,,,,,,,,,,,,,,,,,0.102586,0.001163,8,5,0.104762,0.101096,,,,,,,,,,,,,,,,,,,,,,,,,,,,,,,401.099646,12.497944,7,10,388.570996,429.700149,,,,,,,,,,,,,,,,,,,,,,,,,,,,,,,,,,,,,0.233664,0.001925,1,4,0.237099,0.230404,,,,,,,,,,,,,,,,,,,,,,,,,,,,,,,78.225128,1.122799,9,10,76.292710,80.282555,,,,,,,,,,,,
linklda,15,10,,,,,,,,,,,,,,,,,,,0.657333,0.036782,10,8,0.720000,0.600000,,,,,,,,,,,,,,,,,,,,,,,,,0.106153,0.000822,9,2,0.107671,0.105081,,,,,,,,,,,,,,,,,,,,,,,,,,,,,,,442.741628,13.941789,9,1,420.528662,463.269575,,,,,,,,,,,,,,,,,,,,,,,,,,,,,,,,,,,,,0.231791,0.003190,9,6,0.238175,0.225503,,,,,,,,,,,,,,,,,,,,,,,,,,,,,,,77.874849,1.089522,9,1,75.382503,79.179497,,,,,,,,,,,,
linklda,20,10,,,,,,,,,,,,,,,,,,,,,,,,,,,,,,,,,,,,,,,,,,,,,,,,,0.106173,0.000859,2,7,0.107910,0.104802,,,,,,,,,,,,,,,,,,,,,,,,,,,,,,,453.436428,11.749635,1,7,436.917216,478.674660,,,,,,,,,,,,,,,,,,,,,,,,,,,,,,,,,,,,,0.230074,0.003472,3,7,0.234310,0.223112,,,,,,,,,,,,,,,,,,,,,,,,,,,,,,,79.094739,1.410023,10,7,77.393311,82.515834,,,,,,,,,,,,
linklda,25,10,,,,,,,,,,,,,,,,,,,,,,,,,,,,,,,,,,,,,,,,,,,,,,,,,0.106758,0.000694,2,1,0.107870,0.105559,,,,,,,,,,,,,,,,,,,,,,,,,,,,,,,461.881209,20.178364,6,9,435.438053,497.245690,,,,,,,,,,,,,,,,,,,,,,,,,,,,,,,,,,,,,0.226655,0.003447,1,8,0.234868,0.221837,,,,,,,,,,,,,,,,,,,,,,,,,,,,,,,79.609935,1.653758,6,9,77.186457,82.387047,,,,,,,,,,,,
linklda,30,10,,,,,,,,,,,,,,,,,,,,,,,,,,,,,,,,,,,,,,,,,,,,,,,,,0.106332,0.000759,3,7,0.107392,0.105280,,,,,,,,,,,,,,,,,,,,,,,,,,,,,,,455.205701,17.962044,1,9,422.709281,494.421126,,,,,,,,,,,,,,,,,,,,,,,,,,,,,,,,,,,,,0.227659,0.003422,5,8,0.232437,0.222714,,,,,,,,,,,,,,,,,,,,,,,,,,,,,,,79.619740,1.277870,6,9,77.786482,82.751433,,,,,,,,,,,,
linklda,35,10,,,,,,,,,,,,,,,,,,,,,,,,,,,,,,,,,,,,,,,,,,,,,,,,,0.106575,0.001092,5,1,0.108627,0.105360,,,,,,,,,,,,,,,,,,,,,,,,,,,,,,,452.023991,9.329343,2,1,432.333460,466.015180,,,,,,,,,,,,,,,,,,,,,,,,,,,,,,,,,,,,,0.222036,0.002836,7,9,0.227057,0.215660,,,,,,,,,,,,,,,,,,,,,,,,,,,,,,,80.458647,0.937648,2,1,78.702877,82.090674,,,,,,,,,,,,
linklda,40,10,,,,,,,,,,,,,,,,,,,,,,,,,,,,,,,,,,,,,,,,,,,,,,,,,0.106344,0.000998,4,8,0.107950,0.105240,,,,,,,,,,,,,,,,,,,,,,,,,,,,,,,439.349312,9.332994,4,2,425.675754,453.187710,,,,,,,,,,,,,,,,,,,,,,,,,,,,,,,,,,,,,0.218753,0.002913,4,6,0.222196,0.213429,,,,,,,,,,,,,,,,,,,,,,,,,,,,,,,80.092209,1.642429,4,2,76.871508,81.885084,,,,,,,,,,,,
linkplsalda,5,10,,,,,,,,,,,,,,,,,,,0.778000,0.046000,6,4,0.840000,0.700000,,,,,,,,,,,,,,,,,,,,,,,,,0.094218,0.000875,7,5,0.095318,0.092449,,,,,,,,,,,,,,,,,,,,,,,,,,,,,,,257.592559,7.862025,5,4,246.991518,273.860168,,,,,,,,,,,,,,,,,,,,,,,,,,,,,,,,,,,,,0.226619,0.001030,7,4,0.227735,0.224108,,,,,,,,,,,,,,,,,,,,,,,,,,,,,,,78.999728,0.602208,5,4,78.210975,80.271499,,,,,,,,,,,,
linkplsalda,10,10,,,,,,,,,,,,,,,,,,,0.711000,0.029138,8,1,0.760000,0.660000,,,,,,,,,,,,,,,,,,,,,,,,,0.103578,0.000897,8,4,0.104881,0.102251,,,,,,,,,,,,,,,,,,,,,,,,,,,,,,,315.646449,5.591042,9,1,303.706138,324.606832,,,,,,,,,,,,,,,,,,,,,,,,,,,,,,,,,,,,,0.234457,0.002348,3,6,0.237617,0.230086,,,,,,,,,,,,,,,,,,,,,,,,,,,,,,,73.079079,0.720111,8,4,72.072152,74.477332,,,,,,,,,,,,
linkplsalda,20,10,,,,,,,,,,,,,,,,,,,0.690000,0.025690,1,4,0.735000,0.650000,,,,,,,,,,,,,,,,,,,,,,,,,0.108097,0.000730,10,5,0.109265,0.106436,,,,,,,,,,,,,,,,,,,,,,,,,,,,,,,360.131664,7.556986,3,2,349.301924,374.077299,,,,,,,,,,,,,,,,,,,,,,,,,,,,,,,,,,,,,0.232026,0.003471,1,2,0.237776,0.225862,,,,,,,,,,,,,,,,,,,,,,,,,,,,,,,71.858973,0.595914,8,2,71.057429,73.013975,,,,,,,,,,,,
linkplsalda,25,10,,,,,,,,,,,,,,,,,,,0.696000,0.017618,1,9,0.720000,0.668000,,,,,,,,,,,,,,,,,,,,,,,,,0.108057,0.000931,2,1,0.109265,0.106236,,,,,,,,,,,,,,,,,,,,,,,,,,,,,,,361.646535,7.322386,5,9,352.001291,377.623932,,,,,,,,,,,,,,,,,,,,,,,,,,,,,,,,,,,,,0.232628,0.003298,2,6,0.235625,0.224148,,,,,,,,,,,,,,,,,,,,,,,,,,,,,,,71.225695,0.647808,3,4,69.958432,72.372759,,,,,,,,,,,,
linkplsalda,30,10,,,,,,,,,,,,,,,,,,,0.701333,0.020287,8,3,0.730000,0.663333,,,,,,,,,,,,,,,,,,,,,,,,,0.107974,0.001414,9,6,0.109823,0.105479,,,,,,,,,,,,,,,,,,,,,,,,,,,,,,,364.686796,11.946236,9,5,343.308510,383.243047,,,,,,,,,,,,,,,,,,,,,,,,,,,,,,,,,,,,,0.228396,0.003424,3,6,0.234668,0.224108,,,,,,,,,,,,,,,,,,,,,,,,,,,,,,,71.994949,1.313834,9,6,69.216026,74.036919,,,,,,,,,,,,
linkplsalda,35,10,,,,,,,,,,,,,,,,,,,0.693143,0.017009,6,3,0.720000,0.660000,,,,,,,,,,,,,,,,,,,,,,,,,0.107874,0.000675,5,9,0.109305,0.106595,,,,,,,,,,,,,,,,,,,,,,,,,,,,,,,365.694326,8.279009,7,9,352.518325,380.135653,,,,,,,,,,,,,,,,,,,,,,,,,,,,,,,,,,,,,0.225981,0.002899,7,3,0.231321,0.221996,,,,,,,,,,,,,,,,,,,,,,,,,,,,,,,72.187870,0.773340,10,1,71.324096,73.683107,,,,,,,,,,,,
linkplsalda,40,10,,,,,,,,,,,,,,,,,,,0.677750,0.012721,1,6,0.705000,0.665000,,,,,,,,,,,,,,,,,,,,,,,,,0.108496,0.000932,5,7,0.109623,0.106595,,,,,,,,,,,,,,,,,,,,,,,,,,,,,,,357.767329,5.571455,2,10,347.959091,364.221283,,,,,,,,,,,,,,,,,,,,,,,,,,,,,,,,,,,,,0.223578,0.003190,6,7,0.228811,0.217733,,,,,,,,,,,,,,,,,,,,,,,,,,,,,,,72.118251,0.949473,6,7,70.197560,74.052739,,,,,,,,,,,,
CF,5,10,,,,,,,,,,,,,,,,,,,,,,,,,,,,,,,,,,,,,,,,,,,,,,,,,0.074545,0.000597,6,9,0.075951,0.073999,,,,,,,,,,,,,,,,,,,,,,,,,,,,,,,,,,,,,,,,,,,,,,,,,,,,,,,,,,,,,,,,,,,,,,,,,0.216099,0.001312,5,6,0.218131,0.214266,,,,,,,,,,,,,,,,,,,,,,,,,,,,,,,,,,,,,,,,,,,,,,,,
CF,10,10,,,,,,,,,,,,,,,,,,,,,,,,,,,,,,,,,,,,,,,,,,,,,,,,,0.075704,0.000854,7,1,0.077067,0.074517,,,,,,,,,,,,,,,,,,,,,,,,,,,,,,,,,,,,,,,,,,,,,,,,,,,,,,,,,,,,,,,,,,,,,,,,,0.217482,0.000759,2,3,0.218649,0.216139,,,,,,,,,,,,,,,,,,,,,,,,,,,,,,,,,,,,,,,,,,,,,,,,
CF,15,10,,,,,,,,,,,,,,,,,,,,,,,,,,,,,,,,,,,,,,,,,,,,,,,,,0.076230,0.000595,3,4,0.077027,0.075274,,,,,,,,,,,,,,,,,,,,,,,,,,,,,,,,,,,,,,,,,,,,,,,,,,,,,,,,,,,,,,,,,,,,,,,,,0.217952,0.000456,6,1,0.218609,0.217175,,,,,,,,,,,,,,,,,,,,,,,,,,,,,,,,,,,,,,,,,,,,,,,,
CF,20,10,,,,,,,,,,,,,,,,,,,,,,,,,,,,,,,,,,,,,,,,,,,,,,,,,0.077521,0.000887,6,10,0.078701,0.076190,,,,,,,,,,,,,,,,,,,,,,,,,,,,,,,,,,,,,,,,,,,,,,,,,,,,,,,,,,,,,,,,,,,,,,,,,0.219665,0.000751,4,8,0.220921,0.218729,,,,,,,,,,,,,,,,,,,,,,,,,,,,,,,,,,,,,,,,,,,,,,,,
CF,25,10,,,,,,,,,,,,,,,,,,,,,,,,,,,,,,,,,,,,,,,,,,,,,,,,,0.080606,0.001360,8,9,0.082885,0.078940,,,,,,,,,,,,,,,,,,,,,,,,,,,,,,,,,,,,,,,,,,,,,,,,,,,,,,,,,,,,,,,,,,,,,,,,,0.219087,0.000945,2,6,0.221439,0.218012,,,,,,,,,,,,,,,,,,,,,,,,,,,,,,,,,,,,,,,,,,,,,,,,
CF,30,10,,,,,,,,,,,,,,,,,,,,,,,,,,,,,,,,,,,,,,,,,,,,,,,,,0.084901,0.001245,2,4,0.087786,0.083443,,,,,,,,,,,,,,,,,,,,,,,,,,,,,,,,,,,,,,,,,,,,,,,,,,,,,,,,,,,,,,,,,,,,,,,,,0.219442,0.001007,1,10,0.220721,0.217374,,,,,,,,,,,,,,,,,,,,,,,,,,,,,,,,,,,,,,,,,,,,,,,,
CF,35,10,,,,,,,,,,,,,,,,,,,,,,,,,,,,,,,,,,,,,,,,,,,,,,,,,0.088472,0.001271,3,6,0.090018,0.085435,,,,,,,,,,,,,,,,,,,,,,,,,,,,,,,,,,,,,,,,,,,,,,,,,,,,,,,,,,,,,,,,,,,,,,,,,0.219470,0.000720,7,9,0.220442,0.218171,,,,,,,,,,,,,,,,,,,,,,,,,,,,,,,,,,,,,,,,,,,,,,,,
CF,40,10,,,,,,,,,,,,,,,,,,,,,,,,,,,,,,,,,,,,,,,,,,,,,,,,,0.091787,0.001223,7,4,0.093963,0.088982,,,,,,,,,,,,,,,,,,,,,,,,,,,,,,,,,,,,,,,,,,,,,,,,,,,,,,,,,,,,,,,,,,,,,,,,,0.219709,0.000999,1,4,0.221359,0.217972,,,,,,,,,,,,,,,,,,,,,,,,,,,,,,,,,,,,,,,,,,,,,,,,
recon_only_mvgsnmf,5,5,0.223964,0.005146,45,44,0.232883,0.217420,0.953112,0.000923,45,46,0.951587,0.954376,0.877710,0.002991,43,44,0.875391,0.883484,0.535893,0.024760,45,46,0.576035,0.507229,0.236619,0.006184,45,44,0.244408,0.226294,0.245886,0.006905,45,44,0.255643,0.234591,0.213742,0.006058,45,44,0.220745,0.203486,0.054985,0.001276,45,44,0.056580,0.052727,0.079621,0.001806,45,44,0.081328,0.076289,0.363765,0.009655,45,44,0.379859,0.349799,0.272063,0.006584,45,44,0.279782,0.260876,0.256867,0.005047,45,46,0.265067,0.251611,0.166799,0.003865,43,46,0.170688,0.160611,0.255098,0.004303,45,46,0.262242,0.249497,179.828369,3.980518,43,46,173.324294,184.609604,164.513882,2.762028,43,46,161.117072,168.512956,181.599445,4.050891,43,46,176.291841,188.059330,0.211310,0.005283,45,46,0.221358,0.206692,0.168811,0.004626,45,43,0.177488,0.163671,0.145604,0.004424,45,43,0.153462,0.140025,0.168382,0.002684,45,46,0.172496,0.165116,0.218566,0.006466,45,43,0.228690,0.209781,0.254274,0.005566,45,43,0.265045,0.250156,0.167932,0.005997,45,43,0.176825,0.158018,0.264864,0.006135,45,44,0.274917,0.255683,0.055080,0.000812,45,44,0.056313,0.054238,0.363929,0.008107,45,43,0.378855,0.356635,353.227514,11.518560,45,42,330.944086,362.375715,77.578204,1.484799,45,44,75.913839,80.333551,156.871278,5.923383,43,44,153.601270,168.705308
recon_only_mvgsnmf,10,5,0.247770,0.004987,45,44,0.253684,0.239494,0.941601,0.000904,45,46,0.940129,0.942675,0.815336,0.003557,45,44,0.810945,0.821667,0.607511,0.020677,42,43,0.628725,0.573174,0.265991,0.007117,43,44,0.274205,0.253512,0.274337,0.006242,43,44,0.280697,0.263243,0.250160,0.007440,43,44,0.259191,0.237269,0.056254,0.000722,42,44,0.056876,0.054861,0.089935,0.001956,43,44,0.091761,0.086129,0.387321,0.004200,45,44,0.393957,0.380970,0.315743,0.007015,43,44,0.324373,0.303656,0.281059,0.004441,45,44,0.287465,0.274442,0.184985,0.003303,45,44,0.188945,0.180202,0.280955,0.004019,43,44,0.285468,0.274953,161.579519,3.326960,43,46,155.775245,164.865697,156.729900,2.231569,43,46,153.581143,159.913922,166.586782,3.076006,43,46,162.490892,171.214666,0.229548,0.003958,45,44,0.236414,0.225475,0.180087,0.003104,45,44,0.185527,0.175918,0.156009,0.002452,45,44,0.160115,0.152699,0.179301,0.003339,45,44,0.184351,0.174570,0.238447,0.004011,45,44,0.244102,0.232780,0.268753,0.004701,45,44,0.276360,0.262456,0.179781,0.002557,45,44,0.183800,0.176116,0.302839,0.005420,43,44,0.308535,0.293748,0.060391,0.000655,46,44,0.061233,0.059336,0.410450,0.005070,46,42,0.418752,0.403882,807.694101,23.916262,46,44,771.035288,843.344743,66.587279,1.292720,46,44,65.696536,69.117298,114.979750,3.482569,46,44,111.316623,121.462936
recon_only_mvgsnmf,15,5,0.256306,0.004356,45,44,0.261216,0.249218,0.932899,0.001170,45,43,0.931156,0.934246,0.770361,0.004138,45,44,0.764352,0.776147,0.694499,0.027319,45,43,0.744628,0.668799,0.276133,0.006381,43,44,0.284177,0.266207,0.289933,0.005873,46,44,0.295585,0.281361,0.264972,0.006858,43,44,0.271782,0.254148,0.059046,0.000828,46,44,0.060492,0.058151,0.094594,0.001929,46,44,0.096680,0.091286,0.406803,0.006506,46,42,0.417599,0.399342,0.334385,0.008379,46,44,0.342968,0.322031,0.291286,0.003508,45,44,0.297036,0.286736,0.191749,0.002283,45,44,0.194991,0.188589,0.292157,0.002735,45,44,0.297155,0.288794,159.822168,2.852892,43,46,155.037147,162.704719,152.571319,2.028521,43,46,149.501235,155.265850,160.123654,2.319755,43,46,156.628327,163.152151,0.236479,0.003494,45,44,0.242770,0.232228,0.189045,0.003167,45,44,0.194567,0.184793,0.161716,0.002713,45,43,0.166480,0.159159,0.187564,0.003102,45,44,0.191434,0.182276,0.243568,0.003832,45,44,0.249437,0.239360,0.281046,0.004540,45,44,0.288835,0.274604,0.185484,0.002965,45,44,0.190817,0.182779,0.312729,0.006073,43,44,0.319698,0.303375,0.062187,0.000519,43,44,0.062804,0.061500,0.421565,0.007868,46,42,0.434138,0.413195,1605.289576,24.324816,42,45,1564.357260,1634.053947,63.384087,1.335755,46,44,62.246235,65.958901,103.061570,3.639895,46,44,99.337582,108.623574
recon_only_mvgsnmf,20,5,0.255341,0.003717,45,44,0.259865,0.248736,0.927809,0.000739,45,43,0.926647,0.928707,0.728380,0.004520,45,44,0.721744,0.733513,0.682991,0.016549,44,43,0.700214,0.652687,0.270862,0.004838,43,44,0.274860,0.262368,0.289944,0.005051,46,44,0.294950,0.281016,0.261343,0.005555,43,44,0.267102,0.252036,0.060652,0.000992,45,44,0.061440,0.058714,0.094428,0.002099,43,44,0.096562,0.090575,0.414350,0.006522,46,44,0.421161,0.403463,0.330673,0.008515,43,44,0.341067,0.317748,0.296534,0.003926,45,44,0.301890,0.289890,0.195027,0.002284,45,44,0.197896,0.191020,0.298265,0.003243,45,44,0.301833,0.292266,159.803094,2.431055,43,44,155.521143,162.624098,150.177641,1.777814,43,46,147.357400,152.501029,157.395743,2.094723,43,46,154.551651,160.523517,0.239820,0.003659,45,44,0.246069,0.235103,0.191050,0.002786,45,44,0.196061,0.187545,0.163418,0.002507,45,44,0.167307,0.159780,0.189283,0.002602,45,44,0.193776,0.186040,0.245572,0.003967,45,44,0.251630,0.240012,0.284287,0.004242,45,44,0.291823,0.279495,0.187935,0.003144,45,44,0.192935,0.183296,0.301310,0.005011,46,44,0.307373,0.292832,0.060391,0.000922,46,44,0.061292,0.058862,0.408802,0.007873,46,44,0.420947,0.400100,3978.998889,467.284644,43,45,3312.797413,4623.614155,61.988543,1.297643,46,44,60.748263,64.441060,96.370590,2.970210,46,44,91.984110,100.946369
recon_only_mvgsnmf,25,5,0.257303,0.003570,45,44,0.261803,0.251175,0.922948,0.000905,45,43,0.921681,0.923722,0.694034,0.004509,45,44,0.687588,0.698920,0.636574,0.006427,44,45,0.646433,0.628888,0.273478,0.004945,46,44,0.279828,0.265547,0.296257,0.005773,46,44,0.304425,0.286630,0.266068,0.005727,46,44,0.274000,0.256849,0.062614,0.001310,46,44,0.063960,0.060314,0.096787,0.001968,46,44,0.098755,0.093005,0.426435,0.008263,46,44,0.437962,0.412883,0.338271,0.008084,46,44,0.350149,0.325688,0.298511,0.004033,45,44,0.303760,0.292036,0.196242,0.002387,45,44,0.199467,0.192264,0.300919,0.004338,46,44,0.307142,0.295500,163.152526,2.965071,43,44,158.176279,167.455460,149.238030,1.755416,43,46,146.626144,151.597613,156.339632,2.128169,43,46,153.540440,159.418280,0.241128,0.003932,45,44,0.248214,0.236804,0.192746,0.003120,45,44,0.198639,0.189381,0.162102,0.002507,45,44,0.166412,0.158666,0.191725,0.002804,45,44,0.196680,0.188441,0.244078,0.004051,45,44,0.250563,0.238648,0.288392,0.004846,45,44,0.297082,0.283125,0.186521,0.002826,45,44,0.191156,0.182308,0.302779,0.004550,46,44,0.309718,0.295501,0.060575,0.000754,42,44,0.061263,0.059129,0.409841,0.005005,46,44,0.418543,0.403179,8286.607148,807.994901,43,44,7214.354994,9656.725965,60.519528,1.308271,46,44,59.226069,62.985458,91.856936,2.965496,46,44,87.723484,96.328901
recon_only_mvgsnmf,30,5,0.256582,0.002626,46,44,0.258316,0.251385,0.917670,0.000563,45,44,0.916884,0.918406,0.662034,0.004905,45,44,0.656652,0.667795,0.635286,0.009668,44,46,0.648224,0.623449,0.270655,0.003917,46,44,0.275541,0.264491,0.296710,0.004755,46,44,0.302796,0.289702,0.264714,0.004106,46,44,0.269637,0.258233,0.063213,0.001023,42,44,0.064286,0.061618,0.096349,0.001815,42,44,0.099052,0.093539,0.430593,0.006221,46,44,0.439128,0.421691,0.336372,0.004640,46,44,0.342519,0.328874,0.299057,0.004417,45,44,0.305196,0.291759,0.196443,0.002836,45,44,0.200030,0.191909,0.300684,0.005015,45,44,0.306718,0.293858,169.787568,2.299816,42,46,167.669662,173.043787,147.950782,1.519281,43,46,145.500197,150.025465,154.963996,1.838983,43,46,152.223978,157.619388,0.242510,0.003367,45,44,0.248567,0.238279,0.193084,0.002746,45,44,0.197603,0.189699,0.162810,0.002414,45,44,0.166985,0.160221,0.192330,0.002351,45,44,0.195999,0.188886,0.245738,0.003744,45,44,0.252579,0.241790,0.289175,0.004133,45,44,0.296082,0.284083,0.187289,0.003100,45,44,0.192863,0.184269,0.295232,0.004060,46,44,0.300739,0.290321,0.058204,0.000854,42,44,0.059603,0.057172,0.397687,0.005324,46,43,0.405144,0.391368,20191.291835,2016.967050,42,43,18041.017117,23492.729436,59.816604,1.348547,46,44,58.213964,62.316419,92.146669,2.277097,45,43,89.660248,95.940076
recon_only_mvgsnmf,35,5,0.259451,0.002738,46,44,0.261665,0.254139,0.913160,0.000650,45,46,0.911967,0.913863,0.636235,0.004146,46,44,0.631561,0.642553,0.667258,0.014850,43,42,0.688655,0.645601,0.273365,0.004757,46,44,0.279664,0.267209,0.302461,0.005372,46,44,0.308604,0.294394,0.268550,0.006160,46,44,0.276733,0.260671,0.064902,0.001076,42,44,0.066360,0.063011,0.097842,0.002562,42,44,0.100948,0.093894,0.443734,0.006852,42,44,0.450195,0.430879,0.343451,0.008242,46,44,0.354108,0.331960,0.303064,0.004677,43,44,0.306199,0.293829,0.199437,0.003227,42,44,0.202549,0.193331,0.306939,0.005193,46,44,0.310959,0.296748,169.886745,4.306669,43,44,162.095340,175.066130,145.376697,1.663269,43,46,142.407218,147.318401,151.639845,1.757126,43,46,148.826225,154.174771,0.245536,0.003346,45,44,0.250935,0.241069,0.195762,0.002887,45,44,0.200202,0.191664,0.165008,0.002453,45,44,0.169513,0.162678,0.194552,0.002668,45,44,0.198044,0.189864,0.248085,0.003882,45,44,0.255187,0.243865,0.292915,0.004914,45,44,0.299910,0.285215,0.189434,0.003648,45,42,0.196377,0.186395,0.297119,0.004675,42,45,0.302494,0.290957,0.058411,0.000963,42,45,0.060225,0.057617,0.401536,0.005783,42,45,0.410129,0.393049,27737.583397,2673.362402,46,45,25081.272021,32386.358406,58.640676,1.085464,46,44,57.566202,60.685553,87.923238,2.418648,46,44,84.727378,91.980267
recon_only_mvgsnmf,40,5,0.259978,0.003618,42,44,0.264117,0.253586,0.909855,0.000833,45,46,0.909009,0.911264,0.608823,0.004067,46,44,0.604476,0.615210,0.680255,0.010332,43,46,0.697996,0.665774,0.271374,0.006466,42,44,0.279113,0.262454,0.302093,0.007594,42,44,0.310874,0.291260,0.264962,0.007049,42,44,0.272483,0.255331,0.065216,0.001365,42,44,0.066775,0.063100,0.096123,0.002157,42,44,0.098577,0.093005,0.447768,0.009741,42,44,0.456158,0.431952,0.337606,0.008377,43,44,0.345732,0.325810,0.307775,0.003947,46,44,0.310232,0.299932,0.202561,0.002780,45,44,0.204742,0.197125,0.313367,0.004558,46,44,0.319144,0.305156,170.721450,4.972463,43,44,162.270042,177.541413,144.511095,1.810639,43,46,141.539005,147.069530,150.639779,2.124443,43,46,147.286973,153.930868,0.248582,0.003027,45,44,0.253478,0.244719,0.198760,0.002194,45,44,0.202503,0.195749,0.167391,0.001273,45,44,0.169279,0.165318,0.196692,0.002315,45,44,0.200474,0.193361,0.250456,0.002331,45,44,0.254120,0.247303,0.296581,0.003964,45,44,0.303018,0.291567,0.191537,0.001624,45,44,0.193832,0.189185,0.290455,0.006663,42,44,0.298363,0.282046,0.057018,0.001060,42,44,0.058595,0.055779,0.391806,0.006567,43,44,0.397744,0.383050,44636.929147,4640.006897,42,45,38791.189298,52404.102051,58.863271,1.069916,46,44,58.128413,60.985438,86.596506,2.361719,46,44,84.320206,90.368783
vanilla_nmf_fro,5,5,0.235630,0.005009,45,44,0.242569,0.228189,0.953299,0.000793,45,46,0.952060,0.954427,0.877629,0.002963,42,44,0.875376,0.883346,0.656397,0.014759,42,44,0.677623,0.636998,0.249522,0.006450,43,44,0.256737,0.238719,0.257641,0.006880,45,44,0.265726,0.246406,0.229011,0.006587,45,44,0.236542,0.218615,0.056183,0.001119,45,44,0.057321,0.054149,0.084600,0.001992,45,44,0.087315,0.081209,0.370342,0.009150,45,44,0.385460,0.357742,0.288617,0.007911,45,44,0.301433,0.278333,0.269391,0.005228,45,44,0.277293,0.262896,0.175003,0.003462,45,46,0.178631,0.170599,0.263811,0.004424,45,46,0.270771,0.257868,171.732917,3.886090,43,46,166.991149,178.306609,162.747631,2.789894,43,46,159.164514,166.779361,176.920016,3.763989,43,46,172.834883,183.224854,0.221738,0.004366,45,44,0.229598,0.217658,0.175604,0.003326,45,44,0.181902,0.172544,0.154606,0.002944,45,44,0.160307,0.151867,0.172407,0.003652,45,46,0.177267,0.168109,0.234440,0.004237,45,46,0.241612,0.229520,0.258519,0.004560,45,46,0.266340,0.253928,0.177700,0.003289,45,42,0.183843,0.174494,0.276320,0.006260,45,44,0.282944,0.265469,0.057101,0.000666,45,44,0.057676,0.055809,0.376248,0.006180,45,44,0.386324,0.367342,449.614147,16.844162,45,42,428.840438,479.559603,74.739304,1.608382,43,44,73.314203,77.883666,177.311403,6.451311,45,44,171.878304,189.856415
vanilla_nmf_fro,10,5,0.251989,0.004452,43,44,0.257091,0.245361,0.943584,0.000752,45,46,0.942313,0.944536,0.815276,0.003546,45,44,0.810868,0.821575,0.580937,0.013995,42,46,0.601874,0.558452,0.274151,0.005924,43,44,0.283281,0.265244,0.290117,0.004922,43,44,0.298191,0.283045,0.261312,0.005951,43,44,0.270775,0.253233,0.061417,0.000732,42,45,0.062270,0.060373,0.095258,0.001369,43,44,0.097036,0.092946,0.417501,0.002916,43,45,0.422715,0.414444,0.334123,0.005717,43,42,0.343946,0.327898,0.280357,0.004818,45,44,0.287282,0.273020,0.184612,0.003212,45,44,0.188619,0.179194,0.281435,0.003965,45,44,0.285641,0.274809,157.433655,3.501373,43,46,152.596583,163.151335,154.300049,2.126183,43,46,151.243193,157.313576,163.499326,3.197087,43,46,159.226944,168.517957,0.229827,0.004089,45,44,0.237022,0.225479,0.183947,0.003364,45,44,0.189631,0.179246,0.157926,0.002904,45,44,0.163142,0.154445,0.179899,0.003441,45,44,0.185359,0.175044,0.236657,0.004513,45,44,0.243806,0.232187,0.272110,0.004729,45,44,0.279308,0.265432,0.180051,0.002964,45,44,0.185089,0.177090,0.303194,0.004062,43,44,0.309392,0.297112,0.060154,0.000648,42,45,0.060848,0.059099,0.408898,0.004278,46,42,0.416165,0.404275,999.521276,19.063806,43,45,977.317692,1033.126120,64.988822,1.228319,46,44,64.078025,67.364626,134.630551,3.666206,43,44,131.404441,141.540152
vanilla_nmf_fro,15,5,0.260461,0.004331,43,44,0.264400,0.252875,0.935208,0.000892,45,46,0.933795,0.936240,0.770224,0.004177,45,44,0.764286,0.776053,0.701543,0.025068,44,43,0.743265,0.670619,0.282362,0.006356,43,44,0.290234,0.272026,0.303416,0.006770,46,44,0.310220,0.291991,0.270960,0.006859,43,44,0.278536,0.261058,0.064428,0.001415,46,44,0.066094,0.061915,0.097416,0.002175,46,44,0.100237,0.093954,0.437264,0.008954,46,44,0.449623,0.422531,0.343089,0.009068,46,42,0.354149,0.332343,0.290620,0.003965,45,44,0.296868,0.284936,0.191274,0.002624,45,44,0.194932,0.186959,0.291928,0.003610,45,44,0.298164,0.286895,153.409044,2.684207,43,46,150.276267,157.991262,149.581712,1.982175,43,46,146.489490,152.018231,156.052886,2.268867,43,46,152.522379,158.890627,0.238560,0.003541,45,44,0.244728,0.233724,0.193717,0.003233,45,44,0.199450,0.189545,0.166047,0.002438,45,44,0.170627,0.163726,0.187190,0.003061,45,44,0.191701,0.182454,0.243889,0.002712,45,44,0.248488,0.240427,0.283682,0.004598,45,44,0.291258,0.276988,0.187531,0.002218,45,44,0.191765,0.185258,0.310235,0.006023,43,44,0.316990,0.301405,0.061144,0.000741,46,44,0.062033,0.060047,0.414410,0.009948,46,42,0.430635,0.404921,2087.483854,67.300315,42,45,2014.956592,2209.448360,60.981322,1.297555,46,44,59.863464,63.464893,120.150588,4.701737,46,44,114.527130,127.531410
vanilla_nmf_fro,20,5,0.260505,0.003252,45,44,0.263936,0.254518,0.930378,0.000586,45,43,0.929390,0.930887,0.728300,0.004558,45,44,0.721603,0.733464,0.688374,0.012147,44,42,0.707317,0.672924,0.277608,0.003715,43,44,0.281600,0.270663,0.299846,0.004152,43,44,0.303992,0.292390,0.266251,0.003824,46,44,0.270219,0.259092,0.064120,0.000935,46,44,0.065027,0.062389,0.095827,0.001729,46,44,0.098222,0.093005,0.433076,0.006715,46,44,0.442453,0.424513,0.335180,0.006074,46,44,0.345008,0.326217,0.295731,0.003972,45,44,0.299801,0.288294,0.194535,0.002392,45,44,0.196473,0.190101,0.298095,0.003291,45,44,0.300860,0.291824,152.523999,2.404063,43,46,148.866141,156.303112,146.652081,1.716862,43,46,143.816728,148.662113,152.796068,2.055799,43,46,149.801462,155.673411,0.243403,0.003285,45,44,0.248632,0.238373,0.198173,0.002707,45,44,0.202045,0.193860,0.169103,0.002139,45,44,0.171762,0.165311,0.190302,0.002555,45,44,0.193924,0.186070,0.246698,0.002538,45,44,0.249793,0.242442,0.289319,0.003867,45,44,0.295157,0.283091,0.190056,0.002170,45,44,0.192212,0.186028,0.301817,0.003271,46,44,0.305927,0.296442,0.059668,0.000598,46,45,0.060462,0.058862,0.405432,0.007384,46,45,0.418970,0.397033,5287.157952,388.162064,42,45,4653.255610,5877.199112,59.159245,1.179222,46,44,58.101405,61.391499,114.234606,3.098669,46,44,109.567481,119.114827
vanilla_nmf_fro,25,5,0.261175,0.002901,45,44,0.264032,0.255580,0.925616,0.000558,45,46,0.924852,0.926208,0.694002,0.004519,45,44,0.687531,0.698835,0.634595,0.014169,44,43,0.654948,0.616200,0.276597,0.002973,46,44,0.279008,0.270836,0.301367,0.002936,46,44,0.304695,0.295857,0.266652,0.003030,46,44,0.269280,0.260710,0.064967,0.000636,42,44,0.065738,0.063960,0.096289,0.001253,45,44,0.097688,0.094132,0.438112,0.004119,46,44,0.444939,0.433994,0.336415,0.004018,45,44,0.341082,0.329920,0.297638,0.004110,45,44,0.302540,0.290483,0.195270,0.002571,45,44,0.198103,0.190456,0.300561,0.004462,46,44,0.306953,0.294125,154.138975,2.694509,43,46,150.358930,158.461569,145.141701,1.678024,43,46,142.467750,147.183503,151.187507,1.994407,43,46,148.364102,154.071005,0.245754,0.003519,45,44,0.251308,0.240323,0.200078,0.002705,45,44,0.204052,0.196220,0.170221,0.002212,45,44,0.173081,0.166460,0.191956,0.002627,45,44,0.195702,0.187641,0.247991,0.003612,45,44,0.252401,0.242264,0.292777,0.003877,45,44,0.298406,0.286584,0.191697,0.002523,45,44,0.194664,0.187017,0.298490,0.003629,46,44,0.303711,0.292651,0.059046,0.000632,42,44,0.059988,0.058091,0.398741,0.005467,46,44,0.408934,0.392859,11241.247388,671.697364,42,44,10045.236127,12050.214113,57.293400,1.289911,46,44,56.123982,59.783071,108.507538,3.482798,46,44,103.905078,114.388914
vanilla_nmf_fro,30,5,0.260211,0.002375,46,44,0.261902,0.255521,0.920854,0.000496,42,44,0.920278,0.921428,0.661925,0.004892,45,44,0.656647,0.667731,0.628588,0.013545,44,43,0.648487,0.610606,0.271820,0.003339,46,44,0.275670,0.267132,0.296696,0.004344,46,44,0.302438,0.290259,0.262293,0.003722,46,44,0.267666,0.257183,0.063426,0.001230,42,44,0.064434,0.061174,0.094060,0.001517,46,44,0.096088,0.091701,0.430562,0.007437,46,44,0.441554,0.420086,0.329247,0.005016,46,44,0.337509,0.321876,0.299099,0.004495,45,44,0.304302,0.291184,0.196449,0.002957,45,44,0.199289,0.190960,0.301514,0.005568,46,44,0.308985,0.293455,156.894781,2.619453,43,46,154.964368,162.022113,143.137194,1.438057,43,46,140.646325,144.939965,148.816147,1.640117,43,46,146.072718,150.996083,0.248601,0.003062,45,44,0.253558,0.243910,0.202896,0.002916,45,44,0.206687,0.198633,0.172462,0.002325,45,44,0.175670,0.168545,0.195044,0.002405,45,44,0.197985,0.190753,0.251310,0.003371,45,44,0.256194,0.246236,0.296574,0.004079,45,44,0.301572,0.290178,0.194130,0.002778,45,44,0.197557,0.189051,0.291420,0.005147,46,45,0.298284,0.286558,0.057095,0.001174,42,43,0.059010,0.056017,0.389274,0.008006,46,43,0.401706,0.381163,24426.719496,2001.785625,42,43,21425.575307,27168.474899,56.053563,1.270158,46,44,54.437771,58.348416,107.569789,2.460163,46,43,103.664299,111.115030
vanilla_nmf_fro,35,5,0.264063,0.002561,42,44,0.266713,0.259290,0.916627,0.000633,45,46,0.915883,0.917701,0.635899,0.004137,46,44,0.630733,0.642367,0.668969,0.015622,43,45,0.688522,0.641191,0.275258,0.003561,42,45,0.279645,0.270832,0.303100,0.002363,42,45,0.305204,0.299656,0.266837,0.003609,42,45,0.270991,0.262553,0.064932,0.000467,43,46,0.065442,0.064226,0.095661,0.000598,42,44,0.096384,0.094606,0.443545,0.004643,43,42,0.448867,0.435153,0.336377,0.002579,46,44,0.340275,0.333461,0.302323,0.005096,45,44,0.305950,0.292242,0.198423,0.003344,42,44,0.201097,0.191879,0.306055,0.005738,46,44,0.311350,0.294883,155.483687,2.989948,43,46,151.770152,159.859904,139.657120,1.615182,43,46,136.863828,141.575225,144.796653,1.693398,43,46,142.257041,147.445022,0.252868,0.003156,45,44,0.256738,0.247250,0.207206,0.002873,45,44,0.210010,0.202036,0.175437,0.002241,45,44,0.177888,0.171209,0.198708,0.002593,45,44,0.200563,0.193598,0.254060,0.003101,42,44,0.257143,0.248963,0.302844,0.003959,45,44,0.306637,0.295532,0.196950,0.002707,45,44,0.199695,0.191904,0.293738,0.005252,42,45,0.302122,0.287344,0.057244,0.001034,42,45,0.059277,0.056461,0.392385,0.004857,42,45,0.400952,0.386432,33918.601869,2719.032672,46,45,30626.038033,37081.324245,54.568338,0.957580,46,44,53.782625,56.434848,100.803891,3.332463,42,44,96.311170,105.643843
vanilla_nmf_fro,40,5,0.262362,0.003267,43,44,0.266000,0.256535,0.913567,0.000734,42,46,0.912593,0.914722,0.609352,0.004199,46,44,0.604433,0.615220,0.678323,0.017700,43,45,0.712867,0.663695,0.268879,0.004771,43,44,0.274099,0.261616,0.295852,0.005434,42,44,0.301305,0.286542,0.260152,0.005441,42,44,0.265803,0.251002,0.063568,0.001021,42,44,0.064819,0.061915,0.093527,0.002017,42,44,0.096147,0.089923,0.433547,0.007595,43,44,0.438817,0.418729,0.328538,0.007322,42,44,0.334929,0.314382,0.305591,0.003804,46,44,0.309603,0.298411,0.200747,0.002732,46,44,0.203112,0.195436,0.311496,0.004719,46,44,0.318411,0.303655,155.316626,3.007102,43,46,150.004789,158.994764,138.548498,1.739464,43,46,135.469221,140.863025,143.613790,2.020670,43,46,140.339321,146.719401,0.255845,0.002578,45,44,0.258699,0.251455,0.210540,0.001934,46,44,0.212586,0.207189,0.178644,0.001897,45,44,0.180455,0.175108,0.201197,0.001470,45,44,0.202430,0.198400,0.257759,0.003068,45,44,0.261411,0.253349,0.307660,0.002479,46,44,0.310607,0.304061,0.200764,0.002706,43,44,0.203658,0.196725,0.286554,0.004384,43,45,0.290928,0.281213,0.056230,0.000687,42,45,0.057350,0.055513,0.385129,0.004106,43,45,0.389536,0.380120,48612.252186,4596.161548,42,45,42240.603873,55551.252042,54.311986,1.137447,43,44,53.576792,56.573141,99.633642,2.621049,46,44,97.121964,103.636428
indep_nmf_procrustes_bridge,5,5,0.202096,0.004228,43,46,0.205672,0.195253,0.938819,0.001033,42,46,0.937644,0.940645,0.901123,0.004775,43,46,0.895267,0.908644,0.923803,0.011697,45,46,0.930457,0.900466,0.206003,0.004230,43,46,0.213149,0.201973,0.219851,0.003929,43,44,0.225392,0.214461,0.189114,0.004239,43,44,0.195013,0.183968,0.052916,0.001043,45,44,0.054327,0.051126,0.076384,0.002046,42,44,0.078542,0.073148,0.348100,0.007147,45,44,0.360095,0.338263,0.262190,0.006273,45,44,0.268806,0.252323,0.203408,0.005812,45,44,0.207487,0.192003,0.133379,0.004841,45,44,0.139627,0.125282,0.200271,0.007890,46,44,0.209410,0.188303,701.428149,138.952470,45,42,493.340861,850.441158,166.694025,3.699949,43,46,162.026967,173.012890,195.561930,5.060395,43,46,189.893843,205.067345,0.198188,0.006003,45,46,0.206360,0.188533,0.155127,0.003729,45,44,0.162187,0.151842,0.135283,0.005948,45,46,0.139015,0.123456,0.155833,0.004244,45,44,0.162922,0.150533,0.201162,0.015117,42,46,0.212152,0.171488,0.228510,0.007594,45,44,0.240508,0.220055,0.150630,0.007291,44,46,0.155584,0.136118,0.238285,0.005211,43,44,0.244364,0.231153,0.054262,0.000989,45,44,0.055424,0.052490,0.357101,0.007640,45,44,0.369943,0.345954,313.607698,9.040880,43,46,302.495621,328.720648,81.421345,1.186735,45,44,80.332282,83.199116,256.064813,11.487033,45,44,240.435712,276.165614
indep_nmf_procrustes_bridge,10,5,0.210617,0.005288,45,46,0.219584,0.204592,0.908024,0.001391,45,44,0.905862,0.909675,0.866286,0.002816,45,44,0.862753,0.869954,0.867866,0.042794,46,45,0.919794,0.821929,0.225014,0.004830,45,44,0.231086,0.217158,0.236156,0.005239,45,44,0.242304,0.227111,0.208840,0.004505,45,44,0.213752,0.201109,0.052027,0.000931,42,44,0.052964,0.050267,0.080213,0.001495,42,44,0.081743,0.077475,0.361664,0.006910,45,44,0.369343,0.349580,0.280870,0.004454,42,44,0.284568,0.272911,0.221729,0.008443,45,46,0.233489,0.210913,0.152596,0.006626,45,43,0.161707,0.144606,0.231906,0.009465,45,43,0.243853,0.219142,2132.784543,379.811890,43,45,1751.942773,2818.905503,162.033384,2.545015,43,46,158.744252,166.122855,194.225572,4.913008,45,46,189.392029,202.377656,0.196221,0.006934,45,46,0.208081,0.186416,0.162093,0.005358,45,46,0.171994,0.155765,0.137331,0.005798,45,46,0.146573,0.129343,0.160373,0.005536,45,46,0.168257,0.151956,0.196301,0.010860,45,46,0.209069,0.181209,0.241542,0.006335,45,46,0.252898,0.235109,0.149957,0.007590,45,46,0.159649,0.139077,0.262388,0.007202,45,44,0.270763,0.250973,0.056586,0.001245,42,44,0.058091,0.054475,0.388745,0.007919,45,44,0.397565,0.375321,215.091786,8.153317,45,44,202.651498,227.884264,76.210194,1.130058,46,44,75.123209,78.201708,195.870033,4.507159,45,44,189.466839,203.248223
indep_nmf_procrustes_bridge,15,5,0.205292,0.009055,42,44,0.218044,0.191595,0.882645,0.001294,45,44,0.880439,0.884501,0.856479,0.004189,42,44,0.850209,0.862066,0.755154,0.045442,42,46,0.845851,0.726916,0.233031,0.008518,42,44,0.242320,0.217016,0.252604,0.007534,42,44,0.259223,0.237918,0.220916,0.009867,42,44,0.232284,0.202503,0.056396,0.000977,45,44,0.057350,0.054564,0.084884,0.003069,42,44,0.088263,0.079135,0.392228,0.006725,45,44,0.401560,0.381671,0.297849,0.011395,42,44,0.309809,0.276241,0.194954,0.003072,46,45,0.198804,0.191554,0.131464,0.001410,42,45,0.133373,0.129609,0.196150,0.004743,42,45,0.201721,0.189197,6899.503799,292.862453,43,46,6443.900257,7343.012041,159.468082,2.296796,43,46,155.595393,162.528367,192.448161,4.468285,45,46,186.815435,198.431716,0.177552,0.010937,42,44,0.193767,0.166174,0.151417,0.007756,42,44,0.161650,0.143282,0.124116,0.007360,42,44,0.135324,0.116338,0.146076,0.009456,45,43,0.159810,0.137107,0.164055,0.013659,45,46,0.180320,0.147718,0.220406,0.012796,45,43,0.238556,0.207971,0.125131,0.010257,42,46,0.138633,0.113576,0.269040,0.008362,43,44,0.274926,0.253045,0.056983,0.001330,45,44,0.058151,0.054446,0.396042,0.009791,45,44,0.407863,0.378952,192.395733,12.325173,42,44,184.288096,216.855360,76.817034,2.184876,42,44,74.217669,80.815377,173.603721,8.841821,46,44,164.241370,190.463111
indep_nmf_procrustes_bridge,20,5,0.202380,0.010426,42,44,0.218233,0.188420,0.860296,0.001530,45,44,0.857303,0.861546,0.844103,0.005017,43,44,0.835499,0.850429,0.753562,0.087926,43,44,0.877109,0.652331,0.234988,0.006916,42,44,0.240772,0.222680,0.256296,0.007544,42,44,0.261950,0.241892,0.222492,0.007386,42,44,0.229625,0.208580,0.058370,0.001559,42,44,0.059484,0.055276,0.086177,0.003518,42,44,0.089567,0.079431,0.398962,0.009894,45,44,0.406978,0.379441,0.299263,0.009273,42,44,0.307215,0.281427,0.189121,0.009393,42,45,0.204216,0.177280,0.125720,0.007060,42,45,0.134973,0.114641,0.191310,0.011877,42,45,0.207664,0.170906,10926.101995,3152.308279,42,45,7274.349879,15404.206342,159.074657,2.489566,43,46,154.417392,161.894204,190.376907,4.736634,43,44,181.608966,195.562400,0.169772,0.015258,42,44,0.195695,0.154159,0.145775,0.011715,42,44,0.166718,0.132988,0.119871,0.009134,42,46,0.136619,0.110901,0.135193,0.015133,42,44,0.156194,0.116271,0.151488,0.015477,42,46,0.174630,0.133254,0.208425,0.021089,42,44,0.241028,0.180240,0.118103,0.011886,42,46,0.138245,0.106223,0.271496,0.007619,43,44,0.278826,0.257592,0.058228,0.001234,42,44,0.059692,0.056046,0.399132,0.007219,46,44,0.405126,0.385338,180.201616,9.455769,45,44,169.629879,194.012433,77.670299,2.196485,42,44,74.831485,81.515754,165.921159,6.096545,46,44,159.513669,176.925407
indep_nmf_procrustes_bridge,25,5,0.194386,0.012260,42,44,0.206671,0.176099,0.840615,0.002043,45,43,0.836887,0.842431,0.829358,0.006758,43,44,0.819908,0.839260,0.725475,0.058147,42,44,0.816411,0.652109,0.237467,0.009328,43,44,0.247837,0.221362,0.259996,0.009640,43,44,0.269357,0.241784,0.225817,0.009754,43,44,0.235550,0.208698,0.059348,0.001715,46,44,0.060344,0.055928,0.087587,0.002872,42,44,0.090575,0.082276,0.403520,0.011309,46,44,0.410826,0.381116,0.303116,0.010816,42,44,0.312852,0.283056,0.176104,0.006230,42,44,0.185779,0.167676,0.116319,0.004045,42,44,0.121132,0.110492,0.177689,0.005559,42,44,0.184875,0.169759,24713.816588,4909.950875,44,46,20452.762352,30992.642821,157.630269,2.459630,43,46,153.184428,159.985242,191.837221,4.389770,43,46,187.678859,198.874985,0.151306,0.016015,42,44,0.169852,0.130836,0.130775,0.012892,42,46,0.143342,0.114518,0.110416,0.010590,43,46,0.120777,0.095362,0.114867,0.018190,42,46,0.136307,0.090960,0.135127,0.021191,45,46,0.154357,0.101600,0.174609,0.025368,42,44,0.207614,0.143765,0.103233,0.013412,42,46,0.115783,0.083735,0.277647,0.009415,43,44,0.286198,0.259330,0.059561,0.001415,46,44,0.060907,0.056965,0.407629,0.009878,46,44,0.416435,0.390875,162.402180,5.569142,45,44,152.302611,168.123695,77.591419,2.125161,42,44,74.382106,80.938675,156.130706,4.592181,46,44,151.079539,163.668907
indep_nmf_procrustes_bridge,30,5,0.187155,0.011191,43,44,0.201878,0.174601,0.820287,0.002332,45,43,0.817226,0.822795,0.814486,0.004411,43,46,0.806889,0.818759,0.702157,0.081499,44,42,0.808631,0.557420,0.236443,0.010034,43,42,0.251551,0.223522,0.259410,0.009110,43,42,0.271381,0.248371,0.224718,0.010684,43,42,0.240688,0.210204,0.060124,0.001207,45,44,0.061203,0.057825,0.087931,0.002907,43,42,0.092531,0.084707,0.404435,0.008861,45,44,0.414561,0.389773,0.303061,0.011549,43,42,0.318603,0.287539,0.166423,0.004495,43,44,0.173985,0.160242,0.108340,0.003727,43,42,0.113930,0.104327,0.166877,0.005877,43,42,0.175480,0.159159,59859.736714,19896.909810,46,42,40385.789223,94714.657427,156.084914,1.952567,43,46,152.971425,158.962681,190.358134,2.369985,43,46,185.930308,192.713721,0.137867,0.014070,45,44,0.157108,0.121895,0.122478,0.015134,45,44,0.141628,0.104920,0.104109,0.012048,43,44,0.120648,0.089206,0.103717,0.017853,45,44,0.133669,0.086989,0.120154,0.018790,45,42,0.144102,0.102786,0.160264,0.026930,45,44,0.203327,0.131517,0.095913,0.014259,43,44,0.112926,0.080237,0.276704,0.008714,43,44,0.288810,0.265682,0.060314,0.001229,43,44,0.061796,0.058091,0.409061,0.007709,46,44,0.416156,0.395834,154.701641,9.278920,45,44,143.986777,166.550845,78.908952,1.580121,46,44,76.958038,81.634571,145.516491,5.996446,46,44,137.355702,156.049338
indep_nmf_procrustes_bridge,35,5,0.187952,0.016038,43,44,0.199549,0.156765,0.801659,0.001350,42,44,0.799450,0.803189,0.809876,0.009159,42,44,0.798458,0.824731,0.666547,0.022505,46,45,0.697171,0.629508,0.233083,0.020470,43,44,0.251517,0.195315,0.260184,0.016662,43,44,0.275989,0.229277,0.221981,0.019532,43,44,0.239699,0.186488,0.061369,0.001232,43,44,0.062685,0.059040,0.087836,0.004349,43,44,0.091464,0.080024,0.415486,0.006591,43,44,0.424137,0.405213,0.304013,0.014078,43,44,0.318623,0.279964,0.165835,0.008499,43,44,0.175848,0.152013,0.107155,0.005609,43,44,0.114286,0.098577,0.165991,0.008343,43,44,0.176793,0.153985,90320.928894,30144.264577,43,44,63367.496135,127881.197549,154.725972,2.040545,43,46,151.327699,156.923339,186.234449,3.042613,43,44,181.692493,190.219013,0.142822,0.012759,42,44,0.154257,0.118215,0.129091,0.012644,43,44,0.139846,0.105230,0.107299,0.014752,42,44,0.118117,0.079409,0.114327,0.007844,42,44,0.125104,0.102371,0.125608,0.017708,42,44,0.140842,0.092472,0.175620,0.012749,42,44,0.194044,0.157469,0.099635,0.014976,42,44,0.113228,0.072003,0.281489,0.013461,43,44,0.297834,0.256931,0.061612,0.001746,43,44,0.063900,0.058684,0.420172,0.010625,43,44,0.433663,0.403071,140.362439,6.089693,46,44,133.560213,150.229801,77.772001,1.336476,42,44,76.226809,79.994171,134.462302,3.734624,46,44,131.524910,141.680462
indep_nmf_procrustes_bridge,40,5,0.184037,0.012343,42,46,0.201820,0.170960,0.783520,0.001284,42,43,0.781929,0.785868,0.808234,0.008136,43,42,0.795643,0.816892,0.584068,0.043088,44,46,0.643798,0.525045,0.235223,0.012015,45,46,0.247327,0.215044,0.260139,0.010817,45,46,0.272690,0.241262,0.223518,0.010615,45,46,0.235345,0.205306,0.060012,0.001445,45,46,0.062330,0.057913,0.086734,0.002795,45,46,0.090990,0.082573,0.409376,0.009213,45,46,0.423167,0.394572,0.302665,0.008436,45,46,0.314884,0.290216,0.165143,0.004657,42,44,0.169684,0.158222,0.105074,0.002372,43,44,0.108654,0.101334,0.165517,0.003700,43,44,0.171291,0.160999,136613.009618,38665.039013,45,42,97871.934779,198338.339649,154.496219,2.291912,43,46,151.524609,158.027394,187.792526,1.868215,45,46,184.965513,190.325642,0.132851,0.021296,42,43,0.167498,0.105791,0.115376,0.016045,42,43,0.134491,0.091622,0.094372,0.017599,42,43,0.119234,0.067003,0.100528,0.015823,42,43,0.122792,0.084381,0.112330,0.028953,42,43,0.165264,0.080794,0.160087,0.022705,42,43,0.190724,0.134798,0.092134,0.020018,42,43,0.128604,0.070035,0.279518,0.005138,43,44,0.285212,0.270326,0.060883,0.000989,43,44,0.062092,0.059069,0.417565,0.006073,43,44,0.426156,0.407204,141.080615,4.312993,42,44,136.213065,147.376885,78.990749,1.570477,45,44,76.874033,81.288214,132.644610,3.429480,42,44,129.777082,139.169307
sparse_nmf_l1,5,5,0.223989,0.005346,45,44,0.230457,0.215943,0.951366,0.001005,45,46,0.949652,0.952668,0.877749,0.002940,42,44,0.875489,0.883415,0.662300,0.006429,42,44,0.673470,0.653673,0.237039,0.007234,43,44,0.246913,0.225392,0.249611,0.007096,43,44,0.258751,0.237555,0.222743,0.006773,43,44,0.232015,0.211951,0.055145,0.001301,42,44,0.056313,0.052786,0.084398,0.001870,43,44,0.085833,0.080854,0.361669,0.007521,45,44,0.368343,0.348008,0.285020,0.006703,45,44,0.292258,0.274357,0.211626,0.005265,45,44,0.220898,0.206227,0.140462,0.003629,45,44,0.146384,0.136959,0.213031,0.004802,45,46,0.220606,0.208338,4688.990505,400.893428,43,44,4029.020428,5183.632719,163.047744,2.811921,43,46,159.338567,167.009102,13842.442514,1550.729118,43,46,11968.841956,16005.789553,0.210938,0.004564,45,44,0.219111,0.206495,0.172635,0.003405,45,44,0.179050,0.169317,0.153054,0.002817,45,44,0.158118,0.149413,0.167238,0.003604,45,46,0.172347,0.163011,0.227753,0.004278,45,44,0.234084,0.222940,0.251114,0.004841,45,46,0.259361,0.246006,0.173215,0.002748,45,44,0.177433,0.169377,0.253687,0.007530,43,44,0.263868,0.241542,0.051903,0.001281,43,44,0.053260,0.049585,0.338123,0.007386,43,44,0.346579,0.326038,34088.427631,7386.182945,46,42,26878.547411,43758.813631,77.843287,1.812440,43,44,75.869098,81.276415,16777.766087,3357.918734,46,42,13427.423013,21770.897938
sparse_nmf_l1,10,5,0.233590,0.004440,45,44,0.237693,0.225597,0.937534,0.001070,45,46,0.935713,0.938788,0.815326,0.003640,45,44,0.810887,0.821793,0.617272,0.018293,44,46,0.638835,0.594059,0.248683,0.006559,43,44,0.256298,0.237742,0.270137,0.006041,46,44,0.276579,0.260163,0.240103,0.006702,43,44,0.247301,0.229474,0.059526,0.000895,46,44,0.060403,0.057884,0.090978,0.001984,43,44,0.092828,0.087315,0.404249,0.004626,46,44,0.410655,0.396935,0.317894,0.006677,46,44,0.325481,0.308057,0.236153,0.005695,45,44,0.244893,0.227112,0.155738,0.003782,45,44,0.161559,0.150207,0.240860,0.004935,45,44,0.248169,0.233807,8784.220278,620.679375,43,44,7605.316370,9244.589732,155.521118,2.275793,43,46,152.216129,158.365166,8492.215032,845.762413,45,46,7706.806520,10033.993474,0.218496,0.004488,45,44,0.226047,0.213451,0.184330,0.003704,45,44,0.190503,0.179076,0.158766,0.003294,45,44,0.163903,0.153501,0.177979,0.003387,45,44,0.183432,0.173592,0.232021,0.003799,45,44,0.237937,0.226852,0.270525,0.004866,45,44,0.278438,0.264628,0.178060,0.003592,45,44,0.182750,0.172314,0.268979,0.006345,43,44,0.276533,0.259552,0.054790,0.000986,46,44,0.055928,0.053408,0.368473,0.005914,46,42,0.377213,0.362548,61522.625512,13192.090771,46,44,42738.076549,76531.312819,70.832872,1.477659,46,44,69.469837,73.666313,6330.188087,1333.639638,46,44,4879.627432,8058.858120
sparse_nmf_l1,15,5,0.238629,0.004619,46,44,0.242812,0.230920,0.927580,0.001434,45,43,0.925160,0.929221,0.770432,0.004332,45,44,0.764547,0.776374,0.705620,0.022526,44,43,0.739289,0.678877,0.251569,0.007057,46,44,0.260825,0.242123,0.275801,0.007800,46,44,0.287748,0.266595,0.242534,0.007194,46,44,0.253476,0.234592,0.061037,0.001319,46,44,0.063071,0.059218,0.090741,0.001843,46,44,0.093598,0.088263,0.415691,0.009758,46,42,0.432438,0.405828,0.320097,0.007913,46,42,0.333726,0.311818,0.249414,0.005332,45,44,0.257707,0.241230,0.165228,0.003529,45,44,0.170421,0.160462,0.256202,0.004869,45,44,0.263570,0.250407,12396.496521,1119.640548,43,44,10231.764569,13373.355047,150.384088,1.995058,43,46,147.195769,152.419704,5448.021877,416.694100,43,44,4777.956307,5983.756116,0.225689,0.004065,45,44,0.232482,0.219717,0.193783,0.003605,45,44,0.199946,0.188691,0.167280,0.003479,45,44,0.172279,0.161904,0.182650,0.002873,45,44,0.186989,0.178068,0.239253,0.004018,46,44,0.242857,0.232128,0.281689,0.004549,45,44,0.289426,0.275549,0.185488,0.004174,45,44,0.190448,0.179054,0.272523,0.007461,46,42,0.284183,0.264471,0.055697,0.001179,46,42,0.057795,0.054594,0.375746,0.009995,46,42,0.393606,0.363284,104819.797153,25196.710346,46,42,68199.329783,143594.295033,66.855892,1.455268,46,44,64.985471,69.407672,4587.894952,1018.515614,46,44,3395.998193,5963.491111
sparse_nmf_l1,20,5,0.232595,0.003109,46,44,0.235631,0.226749,0.917214,0.001108,45,43,0.915316,0.918407,0.728486,0.004669,45,44,0.721629,0.733782,0.535021,0.105545,44,43,0.688883,0.374244,0.235132,0.004540,46,44,0.242124,0.230111,0.262416,0.005760,46,44,0.272110,0.256290,0.226139,0.004908,46,44,0.234612,0.221858,0.060510,0.001192,46,44,0.062241,0.058743,0.087125,0.001356,46,44,0.089152,0.084944,0.409627,0.009004,46,44,0.425187,0.399449,0.303885,0.006803,46,42,0.315822,0.296249,0.258711,0.003436,45,44,0.263605,0.253199,0.171304,0.001918,45,44,0.174185,0.168643,0.265528,0.002696,45,44,0.268549,0.261935,18860.942014,1719.793339,43,44,15806.428881,21088.407028,147.000670,1.704754,43,46,144.185054,149.089500,4130.374751,292.745297,43,44,3866.894611,4544.862241,0.230058,0.004019,45,44,0.235718,0.223386,0.198761,0.003358,45,44,0.203194,0.192846,0.171861,0.003449,45,44,0.175735,0.165548,0.186586,0.002781,45,44,0.190901,0.182336,0.243248,0.003467,45,44,0.247777,0.237107,0.286248,0.003961,45,44,0.291964,0.279522,0.189063,0.003711,45,44,0.193369,0.182465,0.252818,0.004855,46,45,0.261180,0.247784,0.053711,0.000791,46,45,0.054979,0.052608,0.359997,0.007352,46,45,0.373002,0.352043,227277.863881,43697.992863,46,42,158652.512398,282341.305199,65.306996,1.298204,46,44,63.587314,67.565413,3442.674192,411.992323,46,42,2993.942310,4094.879301
sparse_nmf_l1,25,5,0.230678,0.003200,46,44,0.234513,0.224988,0.910698,0.001296,45,43,0.908825,0.912174,0.694359,0.004632,45,44,0.687678,0.699160,0.338080,0.100842,44,45,0.460610,0.192968,0.229525,0.005060,46,44,0.237068,0.224596,0.258510,0.005659,46,44,0.267559,0.252622,0.221446,0.005233,46,44,0.229783,0.216218,0.060285,0.000987,46,44,0.061559,0.058773,0.086260,0.001404,46,44,0.087730,0.083699,0.408665,0.007454,46,44,0.420547,0.400695,0.300488,0.006214,46,42,0.310113,0.293869,0.262455,0.003432,45,44,0.266096,0.256409,0.172709,0.001962,45,44,0.174985,0.169384,0.268591,0.003173,46,44,0.271635,0.263206,24476.490726,2656.990124,43,44,19748.357985,27981.727714,145.362707,1.665858,43,46,142.644028,147.305879,4082.284397,271.013987,45,46,3818.893318,4413.928713,0.231831,0.003742,45,44,0.236831,0.225380,0.201122,0.003325,45,44,0.204496,0.195029,0.173553,0.003364,45,44,0.176964,0.167609,0.187504,0.002448,45,44,0.190575,0.183165,0.243485,0.003497,45,44,0.248429,0.237582,0.289188,0.004037,45,44,0.294019,0.281784,0.190390,0.003643,45,44,0.194817,0.184247,0.246630,0.004803,46,45,0.254325,0.242075,0.052893,0.000629,46,45,0.053616,0.052134,0.354954,0.005608,46,42,0.363335,0.348196,424980.826909,67239.576992,46,42,324686.741642,498980.335132,64.012274,1.447908,46,44,62.191535,66.622776,3088.848305,334.221020,46,42,2718.599879,3646.646580
sparse_nmf_l1,30,5,0.226420,0.002993,46,44,0.230595,0.221865,0.902291,0.001256,45,43,0.900819,0.904004,0.662390,0.005316,46,42,0.656498,0.668867,0.316208,0.122188,44,45,0.453993,0.146637,0.218330,0.005600,46,45,0.226181,0.209821,0.247717,0.006712,46,45,0.258527,0.239182,0.210159,0.006008,46,45,0.220177,0.202210,0.058388,0.001179,46,44,0.060314,0.057054,0.082525,0.001800,46,44,0.085596,0.080616,0.397085,0.008905,46,44,0.413297,0.388109,0.286957,0.007003,46,45,0.300634,0.281707,0.268950,0.003752,46,44,0.273372,0.263278,0.177427,0.002702,46,44,0.180528,0.173503,0.275462,0.003725,46,44,0.280824,0.269831,32802.844570,3265.113430,43,44,27009.847346,36041.080332,143.006950,1.083000,43,44,140.948241,144.089093,3972.052808,202.443685,45,46,3761.404603,4249.218192,0.234510,0.003308,45,44,0.239094,0.228884,0.204809,0.002965,46,44,0.207995,0.199686,0.176402,0.003026,46,44,0.179646,0.170974,0.191245,0.002047,45,44,0.193835,0.187611,0.246366,0.002524,45,44,0.249081,0.241612,0.293627,0.003428,45,44,0.297191,0.287777,0.192795,0.003349,46,44,0.196162,0.186660,0.233207,0.005676,46,45,0.242027,0.224658,0.050593,0.000879,46,45,0.051749,0.049496,0.341417,0.006510,46,45,0.353172,0.333701,796919.210154,102593.525075,46,45,612213.388781,906412.298391,63.194173,1.300884,46,44,61.203962,65.291446,2615.547762,242.482577,46,44,2168.069409,2861.798873
sparse_nmf_l1,35,5,0.222779,0.003372,46,44,0.227353,0.217063,0.894989,0.001674,42,44,0.892563,0.897158,0.636682,0.004482,46,44,0.630757,0.644277,0.082712,0.144666,42,45,0.233847,-0.172995,0.208591,0.005340,46,44,0.217365,0.203245,0.239439,0.005625,46,44,0.248732,0.232535,0.201092,0.005307,46,44,0.210074,0.195467,0.057315,0.000709,46,44,0.057884,0.056135,0.080178,0.001032,46,44,0.081328,0.078483,0.392485,0.006990,46,44,0.402159,0.382507,0.279858,0.004877,46,44,0.288008,0.274774,0.272723,0.003224,46,44,0.275292,0.266695,0.179781,0.002406,46,44,0.181743,0.175489,0.279293,0.003536,46,44,0.283654,0.272864,40010.328169,4215.241864,43,44,32749.865218,44651.181985,139.585589,1.378624,43,46,137.010727,140.916589,3605.319774,232.658374,45,44,3374.671590,3908.638203,0.236966,0.003304,45,44,0.240799,0.230881,0.208608,0.003059,46,44,0.211580,0.202776,0.179636,0.003345,46,44,0.183596,0.173451,0.193871,0.002280,45,44,0.196028,0.189715,0.248465,0.002813,45,44,0.250385,0.242916,0.298182,0.003545,45,44,0.301371,0.291624,0.195568,0.003778,46,44,0.199676,0.188672,0.224099,0.003887,46,45,0.230624,0.220196,0.049627,0.000199,43,46,0.049881,0.049318,0.337023,0.002439,46,42,0.340385,0.333417,1123017.012795,101134.086961,46,42,941904.615113,1237685.850386,62.368916,1.460264,46,44,60.868258,65.141050,2383.098814,144.064395,46,44,2234.185665,2622.385611
sparse_nmf_l1,40,5,0.217790,0.003378,43,44,0.222002,0.212256,0.888061,0.002006,42,44,0.884764,0.890860,0.609967,0.004348,46,44,0.604967,0.616063,-0.219138,0.111700,42,45,-0.052855,-0.392743,0.197208,0.005397,43,44,0.204707,0.191475,0.228100,0.006285,46,44,0.235763,0.220440,0.188667,0.004979,46,44,0.194705,0.183058,0.055999,0.001069,46,44,0.056995,0.054594,0.076289,0.001270,45,42,0.077593,0.074689,0.383616,0.010407,46,42,0.397419,0.371013,0.267621,0.006524,46,42,0.275569,0.257535,0.273899,0.003713,45,44,0.277149,0.266781,0.180243,0.002769,45,44,0.182602,0.174926,0.279723,0.004358,46,44,0.283255,0.271524,49195.557488,3756.386448,43,44,43300.343739,54603.645711,137.921045,1.737407,43,46,134.652777,139.782881,3623.410333,251.886817,45,44,3326.017753,3960.696808,0.238373,0.002944,45,44,0.241862,0.233036,0.210884,0.002319,46,44,0.212912,0.206489,0.181949,0.002544,46,44,0.184360,0.177073,0.195317,0.001838,45,44,0.197303,0.192146,0.250788,0.002334,45,44,0.253112,0.246414,0.300474,0.002923,45,44,0.303754,0.295791,0.197657,0.003084,45,44,0.200629,0.192023,0.211310,0.005735,43,42,0.220100,0.204821,0.048008,0.000810,43,42,0.049437,0.046977,0.326405,0.007279,43,42,0.335448,0.314997,1815987.565153,344502.454897,46,42,1435660.333568,2386950.055855,62.981481,1.716615,43,44,61.622464,66.295871,2509.088589,214.229414,43,44,2284.028227,2842.773362
gnmf_graph,5,5,0.236144,0.005011,45,44,0.243025,0.228704,0.953298,0.000793,45,46,0.952059,0.954426,0.877629,0.002962,42,44,0.875376,0.883345,0.656397,0.014759,42,44,0.677623,0.636998,0.250138,0.006472,43,44,0.257311,0.239319,0.260938,0.007145,45,44,0.270098,0.249374,0.229574,0.007103,43,44,0.237927,0.218101,0.057208,0.001122,45,44,0.058862,0.055453,0.084861,0.002256,45,44,0.087315,0.081209,0.376188,0.010102,45,44,0.394541,0.363620,0.287794,0.008654,45,44,0.298424,0.275124,0.269468,0.005269,45,44,0.277494,0.263022,0.175044,0.003487,45,46,0.178690,0.170569,0.263923,0.004455,45,46,0.270925,0.257841,171.717309,3.873442,43,46,166.985128,178.265194,160.843238,2.772963,43,46,157.195751,164.815184,174.835951,3.757674,43,46,170.588341,181.082784,0.222150,0.004256,45,44,0.229776,0.218090,0.177543,0.003129,45,44,0.183540,0.174613,0.154609,0.003092,45,44,0.160325,0.150904,0.173877,0.003182,45,46,0.178186,0.170006,0.231630,0.004037,45,44,0.238293,0.226912,0.261129,0.003847,45,46,0.268027,0.257107,0.176120,0.003122,45,44,0.181753,0.172724,0.276339,0.006300,45,44,0.283039,0.265407,0.057113,0.000673,45,44,0.057676,0.055809,0.376340,0.006184,45,44,0.386324,0.367342,449.043778,17.705031,45,42,427.123347,480.414428,74.594878,1.660387,43,44,73.151060,77.846394,185.313412,6.630298,45,44,178.758621,198.007378
gnmf_graph,10,5,0.252681,0.004273,45,44,0.257705,0.246129,0.943586,0.000752,45,46,0.942315,0.944537,0.815275,0.003545,45,44,0.810874,0.821575,0.580937,0.013995,42,46,0.601874,0.558452,0.274944,0.005491,43,44,0.283191,0.266404,0.292951,0.004499,43,44,0.299463,0.286658,0.264087,0.004789,43,44,0.272100,0.257436,0.061565,0.000484,43,45,0.062152,0.060937,0.096123,0.001267,43,44,0.097866,0.094665,0.418116,0.004150,46,42,0.423698,0.411154,0.337274,0.003693,43,42,0.344298,0.334485,0.280388,0.004859,45,44,0.287370,0.272999,0.184635,0.003203,45,44,0.188560,0.179223,0.281478,0.003993,45,44,0.285641,0.274824,157.447340,3.518230,43,46,152.612667,163.167363,151.173959,1.946934,43,46,148.363015,153.844628,159.696377,3.098432,43,46,155.473695,164.505943,0.230418,0.004230,45,44,0.237915,0.225855,0.186681,0.003208,45,44,0.192166,0.182149,0.160880,0.003246,45,44,0.166546,0.156430,0.181476,0.003057,45,44,0.186218,0.176971,0.237807,0.004455,45,44,0.245465,0.233076,0.274839,0.004094,45,44,0.280953,0.268969,0.181865,0.003603,45,44,0.187644,0.176942,0.303160,0.004075,43,44,0.309325,0.296958,0.060166,0.000683,42,45,0.060848,0.059040,0.408799,0.004539,46,45,0.416623,0.404265,886.513650,12.403235,43,46,864.320159,901.385385,64.517371,1.244926,46,44,63.503756,66.919889,152.573992,4.133424,46,44,149.062318,160.396698
gnmf_graph,15,5,0.259731,0.003513,45,44,0.262809,0.253197,0.935271,0.001191,45,46,0.933732,0.936975,0.770219,0.003284,45,44,0.765306,0.774509,0.699345,0.023425,44,43,0.738682,0.665007,0.280374,0.004301,42,44,0.284275,0.272254,0.299947,0.004263,46,44,0.303972,0.291929,0.271015,0.004131,42,44,0.274836,0.263429,0.062496,0.000885,46,44,0.063515,0.061055,0.097570,0.001668,46,44,0.099881,0.095139,0.423110,0.007745,46,44,0.436026,0.414781,0.342726,0.006175,46,44,0.354076,0.335570,0.290505,0.004260,45,44,0.295872,0.282787,0.190551,0.002984,45,44,0.193746,0.185003,0.291362,0.004410,45,44,0.297379,0.283982,154.295620,2.603519,43,46,150.281991,157.974811,146.498470,1.937761,43,46,143.499034,149.186244,152.275249,2.458672,43,46,148.283154,155.680658,0.239089,0.003434,45,44,0.244606,0.234140,0.197218,0.003109,45,44,0.201829,0.192035,0.169030,0.002435,45,44,0.173040,0.165461,0.188014,0.002962,45,44,0.190753,0.182454,0.241589,0.002767,45,44,0.244873,0.236574,0.286257,0.004583,45,44,0.291919,0.277938,0.186776,0.002863,45,44,0.190592,0.182564,0.308035,0.004030,46,44,0.311945,0.300534,0.060824,0.000786,46,44,0.062004,0.059781,0.411064,0.007919,46,44,0.425794,0.403081,1800.526507,124.073862,46,45,1656.174500,1969.042197,60.187994,1.266523,46,44,59.293174,62.697770,149.714250,6.799370,46,44,138.522993,159.532544
gnmf_graph,20,5,0.260237,0.003433,43,44,0.265389,0.254859,0.930197,0.000543,45,46,0.929381,0.930880,0.729716,0.005735,45,44,0.721601,0.736822,0.688396,0.009193,42,43,0.699607,0.676400,0.276609,0.005211,43,44,0.286337,0.270953,0.297902,0.004936,43,45,0.306541,0.293404,0.267406,0.004299,43,44,0.274595,0.262134,0.061980,0.001149,43,45,0.063930,0.060462,0.095649,0.001319,43,45,0.097570,0.094250,0.420011,0.008858,46,45,0.429364,0.406886,0.334510,0.005267,46,45,0.341760,0.327578,0.295238,0.003979,45,44,0.299960,0.287913,0.193711,0.002674,45,44,0.196503,0.188708,0.296433,0.004449,45,44,0.301032,0.288726,152.943547,2.327048,43,46,149.439507,156.388700,142.985292,1.566218,43,46,140.428369,144.744978,147.922861,1.898858,43,46,144.991323,150.348687,0.243866,0.003083,45,44,0.248415,0.238766,0.202706,0.002801,45,44,0.205501,0.197523,0.173240,0.002591,45,44,0.175892,0.168752,0.191796,0.002428,43,44,0.193746,0.187285,0.244114,0.002653,45,44,0.247896,0.239597,0.292805,0.003721,45,44,0.296213,0.286036,0.189902,0.003205,46,44,0.193176,0.184500,0.303818,0.004414,43,45,0.311605,0.300436,0.060065,0.000893,43,45,0.061440,0.058803,0.407442,0.008073,46,45,0.419267,0.396761,3344.111986,224.735725,43,45,3127.048657,3671.166451,57.971291,1.198216,46,44,56.921748,60.295553,146.202336,4.407718,46,44,139.885308,151.925141
gnmf_graph,25,5,0.259067,0.002721,46,44,0.261793,0.254385,0.925467,0.000706,45,44,0.924222,0.926104,0.694714,0.004275,45,44,0.688630,0.699571,0.646377,0.011684,45,43,0.666113,0.635892,0.271604,0.005127,46,45,0.277801,0.263894,0.294245,0.006110,46,45,0.301827,0.284828,0.265612,0.005385,46,45,0.272679,0.257332,0.060794,0.001267,42,45,0.062270,0.058743,0.094867,0.001857,42,45,0.096858,0.091879,0.411913,0.008755,46,45,0.423706,0.397539,0.331601,0.006593,46,45,0.341645,0.321148,0.298119,0.003716,45,44,0.302284,0.291259,0.195756,0.002485,45,44,0.197807,0.190931,0.301144,0.003897,46,44,0.306225,0.294626,154.045917,2.870336,43,46,150.270638,158.786458,140.626917,1.436956,43,46,138.164783,142.298041,145.282198,1.808979,43,46,142.251650,147.621819,0.246530,0.003239,45,44,0.251421,0.241326,0.207327,0.002761,45,44,0.210410,0.202829,0.175953,0.002750,45,44,0.179018,0.171336,0.195151,0.002229,45,44,0.197866,0.191079,0.245027,0.002666,45,44,0.249140,0.240723,0.299158,0.003293,46,44,0.302750,0.294058,0.191347,0.003436,45,44,0.195614,0.185500,0.297889,0.005495,46,45,0.304348,0.289208,0.058726,0.001081,42,45,0.060166,0.056965,0.398299,0.006944,46,45,0.407966,0.387282,5581.555339,761.011651,42,45,4841.445583,7050.837303,55.876367,1.397315,46,44,54.536786,58.554043,146.580725,4.135386,46,44,139.892147,152.395549
gnmf_graph,30,5,0.258350,0.003182,46,44,0.261711,0.252775,0.920839,0.000376,45,44,0.920315,0.921345,0.662975,0.004381,45,42,0.656661,0.667974,0.650247,0.015663,46,42,0.676555,0.631009,0.267326,0.004803,46,45,0.272852,0.261387,0.290736,0.005856,42,45,0.297867,0.283473,0.262590,0.004437,46,45,0.267655,0.256595,0.059467,0.001500,42,44,0.062270,0.058091,0.092993,0.001468,42,45,0.095614,0.091405,0.405297,0.008419,42,45,0.416100,0.395090,0.326330,0.004011,46,45,0.331827,0.320571,0.300028,0.004691,45,44,0.304522,0.291671,0.197356,0.003142,46,44,0.200356,0.191375,0.302978,0.005961,46,44,0.311630,0.294073,155.480504,1.705576,43,46,152.764904,158.088578,138.268704,1.059337,43,44,136.183963,139.003922,142.623913,1.282065,43,46,140.132713,143.673940,0.249374,0.003140,45,44,0.252998,0.243525,0.210661,0.003680,46,44,0.215691,0.204924,0.179953,0.003075,46,44,0.184211,0.174863,0.197048,0.002386,45,44,0.199170,0.192501,0.249022,0.002678,45,44,0.251156,0.243865,0.301827,0.004918,46,44,0.308250,0.294710,0.194788,0.003542,46,44,0.199259,0.188849,0.292896,0.005317,42,45,0.299223,0.286581,0.057267,0.001186,42,44,0.059425,0.056224,0.390875,0.006845,46,45,0.399745,0.384060,9114.059815,913.782173,42,45,8215.416252,10672.721660,54.257623,1.326336,46,44,52.890403,56.797699,148.222947,5.776789,46,44,137.647681,154.369665
gnmf_graph,35,5,0.259386,0.004442,42,44,0.265634,0.252029,0.916248,0.001169,42,46,0.914314,0.917686,0.637094,0.005873,45,42,0.630187,0.645545,0.660057,0.012325,44,46,0.676014,0.638587,0.265580,0.007066,42,44,0.277476,0.256684,0.288763,0.008914,42,44,0.305006,0.279113,0.261090,0.007700,42,44,0.275074,0.252112,0.058957,0.002191,42,44,0.063159,0.057232,0.092709,0.003415,42,44,0.099348,0.089508,0.403335,0.012700,42,44,0.427486,0.392177,0.325826,0.009599,42,44,0.344310,0.316497,0.301601,0.004414,45,44,0.305764,0.293162,0.197629,0.003267,45,44,0.200178,0.191168,0.304791,0.004558,46,44,0.310123,0.297515,156.489125,3.255024,43,46,150.714709,160.353386,135.192494,2.072654,43,46,131.901527,137.908011,138.966830,2.377467,43,46,134.858042,142.142766,0.253191,0.003196,45,44,0.256535,0.247374,0.214387,0.003427,46,44,0.218326,0.209327,0.183693,0.002516,46,44,0.186570,0.179739,0.198755,0.002841,45,44,0.201067,0.193302,0.251606,0.002461,45,44,0.253942,0.246947,0.305384,0.004848,46,44,0.310827,0.298270,0.197689,0.002892,45,44,0.200719,0.193003,0.291080,0.008172,42,44,0.305877,0.281572,0.057036,0.001835,42,44,0.060551,0.055424,0.390261,0.010219,42,44,0.409426,0.379072,10790.919885,2178.794850,42,45,7469.252618,14027.938924,52.624537,1.502135,43,44,51.702771,55.614077,147.643145,9.383399,42,44,132.911406,162.547527
gnmf_graph,40,5,0.259044,0.002812,46,44,0.262801,0.255028,0.912573,0.001265,42,43,0.910153,0.913622,0.612807,0.005822,43,44,0.606993,0.620876,0.670991,0.012697,43,44,0.689938,0.651699,0.264573,0.007145,46,45,0.274243,0.255161,0.288706,0.007661,46,45,0.298179,0.279059,0.261893,0.007626,46,45,0.271585,0.252163,0.058927,0.001646,42,45,0.061589,0.057143,0.093491,0.002735,42,45,0.097273,0.090160,0.404055,0.009091,46,45,0.415509,0.393496,0.329351,0.008955,46,45,0.340656,0.318950,0.301044,0.004096,45,44,0.305715,0.295252,0.198536,0.002480,43,44,0.201215,0.193865,0.306823,0.004448,46,44,0.312795,0.301635,158.131031,3.280560,43,46,153.217107,162.248256,132.702388,1.409023,43,46,130.238228,134.393407,136.991198,2.642365,43,46,132.912698,140.458105,0.253514,0.003635,45,44,0.258657,0.249530,0.216743,0.003084,46,44,0.219670,0.212782,0.185071,0.002642,45,44,0.187646,0.181667,0.200326,0.002259,45,44,0.202638,0.196384,0.251713,0.002316,45,44,0.254475,0.248074,0.308503,0.003779,46,44,0.312273,0.303257,0.198612,0.002481,45,44,0.202104,0.194856,0.291660,0.007962,46,45,0.301637,0.282003,0.057327,0.001602,42,43,0.059781,0.055631,0.393253,0.009493,46,43,0.406070,0.383545,14070.422331,3675.635316,44,43,10208.120814,18677.980907,51.588545,1.257202,42,44,50.713531,54.076792,146.237376,7.808668,46,43,136.493204,155.824002
active_graph_h__graph_s__l1__pair__know_hs,5,5,0.217300,0.007470,42,45,0.223595,0.202924,0.957555,0.000889,45,46,0.956457,0.959148,0.880122,0.004276,42,45,0.876070,0.886638,0.811201,0.008668,44,45,0.823511,0.799179,0.235200,0.008610,46,45,0.243179,0.219349,0.247452,0.006733,46,45,0.254484,0.235347,0.219112,0.004937,46,45,0.224252,0.212742,0.053806,0.001795,46,45,0.055424,0.050504,0.080308,0.001236,42,44,0.081861,0.078305,0.353342,0.011899,46,45,0.364336,0.331717,0.272997,0.003874,46,45,0.278264,0.268335,0.199067,0.031301,42,45,0.224618,0.142640,0.138370,0.020005,42,45,0.155098,0.100978,0.209634,0.027994,42,45,0.231454,0.158044,202.558520,35.202271,42,45,176.680833,269.658918,164.467167,2.206324,43,46,160.911345,167.750520,180.599796,3.835086,43,45,175.720421,186.033818,0.199400,0.006737,42,45,0.205082,0.186500,0.160149,0.005078,42,45,0.164026,0.150294,0.135786,0.006101,42,45,0.140155,0.123696,0.155347,0.004946,42,45,0.160611,0.147066,0.188714,0.009794,42,45,0.197273,0.169650,0.234261,0.004910,43,45,0.239250,0.225940,0.146821,0.006302,42,45,0.151902,0.134392,0.264375,0.007549,42,45,0.271139,0.249770,0.053539,0.002325,42,45,0.055839,0.049378,0.351380,0.014526,44,45,0.364512,0.325176,67788.412567,117140.743900,46,45,739.559099,300703.499164,73.923995,1.475112,43,44,72.521430,76.784400,11546.420918,20186.677860,46,45,259.610867,51754.011655
active_graph_h__graph_s__l1__pair__know_hs,10,5,0.232785,0.004285,45,43,0.239814,0.227252,0.947513,0.000656,45,46,0.946610,0.948343,0.817482,0.004057,45,44,0.811822,0.822283,0.722707,0.023579,44,45,0.761712,0.698392,0.252380,0.003754,45,42,0.257054,0.248265,0.270689,0.004459,46,42,0.276554,0.265492,0.242346,0.004601,45,42,0.247790,0.235471,0.057084,0.000919,46,44,0.058269,0.055691,0.087327,0.001652,45,42,0.089389,0.085655,0.392621,0.007616,46,43,0.403741,0.385171,0.310013,0.007708,45,42,0.318762,0.297850,0.225929,0.015989,46,43,0.240997,0.197617,0.155234,0.010577,45,43,0.164701,0.137463,0.239213,0.016020,46,43,0.252436,0.210523,175.789202,8.427417,46,43,167.890223,191.123254,156.334813,1.777187,45,46,153.965972,158.707941,167.686079,1.813956,45,46,164.889903,170.566990,0.213191,0.006120,45,43,0.222575,0.203541,0.176103,0.005586,45,43,0.184051,0.166841,0.150275,0.005144,45,43,0.158190,0.142651,0.169834,0.004924,45,43,0.175578,0.161144,0.214238,0.006812,45,43,0.223711,0.202905,0.259275,0.007046,45,43,0.268153,0.246723,0.164588,0.005544,45,43,0.171867,0.155475,0.287634,0.003494,45,42,0.292776,0.283749,0.057101,0.000820,45,44,0.058151,0.055928,0.391496,0.006955,45,42,0.400346,0.381888,5986.284360,2353.527244,46,44,2053.284503,9000.907087,64.551907,1.149266,43,44,63.468428,66.714214,645.282499,351.700280,46,43,275.551468,1310.246166
active_graph_h__graph_s__l1__pair__know_hs,15,5,0.244926,0.006787,42,46,0.253587,0.237076,0.939410,0.000756,45,46,0.938676,0.940332,0.775282,0.003256,43,46,0.769583,0.778963,0.795406,0.023730,45,43,0.840687,0.773812,0.269766,0.005531,42,45,0.276796,0.262537,0.289143,0.005958,42,45,0.296012,0.280539,0.256484,0.005623,42,45,0.262701,0.247022,0.061073,0.001124,42,45,0.062685,0.059573,0.090990,0.002464,42,45,0.093480,0.086307,0.416633,0.007552,43,45,0.422932,0.405598,0.322666,0.007123,42,45,0.327731,0.308984,0.247252,0.021037,42,46,0.267996,0.221584,0.172424,0.013364,43,45,0.186159,0.154950,0.263610,0.020312,43,45,0.282987,0.235548,161.935087,12.134732,43,46,149.403997,180.099183,149.795797,2.435427,43,46,145.893134,152.555342,160.097587,4.596848,43,46,153.579522,167.897232,0.220086,0.009764,42,46,0.230378,0.204393,0.185048,0.007354,42,46,0.192411,0.172920,0.156678,0.007423,42,46,0.163522,0.144218,0.179194,0.006036,43,46,0.186366,0.171073,0.223426,0.011520,43,46,0.233906,0.205868,0.272818,0.008900,43,46,0.282802,0.260259,0.171688,0.008383,42,46,0.179131,0.159009,0.303368,0.007108,42,45,0.312797,0.291775,0.060611,0.001803,42,45,0.062656,0.057291,0.411261,0.011323,46,45,0.421269,0.390452,944.559456,292.423828,43,42,510.482679,1261.439325,60.247924,1.221347,45,44,59.262255,62.621412,187.691255,28.778759,43,45,138.365169,225.416436
active_graph_h__graph_s__l1__pair__know_hs,20,5,0.249196,0.007120,43,44,0.257091,0.236554,0.934731,0.000554,42,43,0.933857,0.935243,0.732399,0.008234,45,44,0.722972,0.746942,0.765380,0.013560,45,42,0.789691,0.751455,0.269546,0.008315,43,45,0.280181,0.258503,0.290804,0.010675,46,45,0.303943,0.276281,0.257186,0.007216,46,45,0.268516,0.249298,0.062027,0.002946,46,45,0.065056,0.057499,0.092353,0.002535,46,42,0.096977,0.089982,0.422369,0.019474,46,45,0.448028,0.396097,0.324867,0.010143,46,42,0.343825,0.316202,0.262032,0.019633,42,44,0.275499,0.223075,0.181328,0.010722,42,44,0.188619,0.160107,0.279591,0.015446,42,44,0.288792,0.248769,155.357745,10.251380,43,44,146.998154,175.199366,146.833393,2.007853,43,44,144.068122,149.405306,155.483781,3.754014,43,44,151.645871,162.151011,0.228846,0.011183,45,44,0.237750,0.206876,0.193473,0.009301,45,44,0.201250,0.175191,0.163946,0.010563,45,44,0.170961,0.142949,0.184523,0.007190,45,44,0.190486,0.170480,0.230871,0.014722,45,44,0.239893,0.201541,0.283071,0.010729,45,44,0.293017,0.262275,0.178902,0.011612,45,44,0.186068,0.155778,0.301498,0.009157,46,45,0.315222,0.291668,0.060889,0.001697,46,45,0.063723,0.058832,0.412827,0.013881,46,44,0.438118,0.400956,829.299458,148.234667,43,45,649.434612,1076.373373,58.180440,1.236261,46,44,57.159579,60.560740,154.214641,17.876571,46,44,140.005370,189.214192
active_graph_h__graph_s__l1__pair__know_hs,25,5,0.247607,0.007657,45,44,0.252925,0.232654,0.929832,0.000602,42,46,0.928900,0.930551,0.704180,0.015355,45,44,0.689299,0.731725,0.672204,0.011200,42,46,0.685983,0.655212,0.264173,0.009188,43,44,0.273138,0.246860,0.285905,0.010124,43,44,0.297540,0.268342,0.253083,0.008079,43,44,0.259297,0.237317,0.060990,0.002565,43,44,0.064849,0.057943,0.090943,0.002163,43,44,0.093124,0.086900,0.414734,0.018214,43,44,0.437545,0.391495,0.318437,0.009942,43,44,0.328254,0.300948,0.262840,0.019815,45,44,0.280100,0.232986,0.180036,0.011071,45,44,0.190545,0.162715,0.278909,0.016332,45,44,0.293132,0.255299,161.023204,13.564818,45,44,149.822885,185.953079,145.516407,1.767197,45,44,143.623610,148.227846,154.480673,3.019575,45,44,151.109828,159.810744,0.231041,0.008634,45,44,0.241209,0.218448,0.196526,0.007903,45,44,0.205597,0.184717,0.166501,0.007416,45,44,0.173914,0.156917,0.186372,0.006871,45,44,0.193776,0.174511,0.232484,0.009504,45,43,0.242264,0.220510,0.286692,0.010127,45,44,0.298718,0.270235,0.181238,0.007723,45,43,0.188311,0.170925,0.296476,0.008757,46,44,0.305447,0.279698,0.060368,0.001391,46,44,0.062300,0.058032,0.408723,0.012468,46,44,0.427819,0.389509,1358.804617,784.582577,46,44,749.987641,2888.624021,56.261283,1.388033,46,44,54.955835,58.953825,186.121560,87.797651,46,44,123.217031,358.924410
active_graph_h__graph_s__l1__pair__know_hs,30,5,0.251296,0.002612,43,46,0.254587,0.246892,0.925420,0.000352,42,46,0.924772,0.925822,0.668552,0.007475,45,42,0.658736,0.679647,0.675693,0.014219,45,44,0.702156,0.659730,0.267070,0.004017,42,46,0.274075,0.263285,0.292709,0.006255,42,46,0.304301,0.286976,0.258842,0.004330,42,45,0.265889,0.253881,0.062875,0.002789,42,46,0.067842,0.060314,0.093539,0.002360,42,45,0.098222,0.091879,0.429756,0.012871,42,46,0.450296,0.417650,0.329638,0.005710,42,45,0.339854,0.323547,0.269851,0.009199,45,42,0.279357,0.258365,0.185216,0.003780,45,42,0.189212,0.180587,0.285474,0.004764,45,42,0.290764,0.277652,157.069567,9.520195,43,46,149.519361,174.717770,143.069430,1.667290,43,46,140.464584,145.613988,151.264121,2.866846,43,46,147.578517,156.337770,0.235521,0.004565,45,46,0.241167,0.230499,0.200737,0.003449,45,42,0.205309,0.195224,0.170865,0.003808,45,42,0.175470,0.164145,0.189656,0.002680,45,46,0.193657,0.186959,0.236989,0.005749,45,42,0.245465,0.228156,0.289906,0.004173,45,42,0.296418,0.283748,0.184459,0.004240,45,42,0.190235,0.177192,0.303041,0.004966,42,46,0.312627,0.298704,0.062590,0.001654,42,43,0.065857,0.061440,0.427407,0.006686,42,44,0.440678,0.422869,1487.665548,465.741081,42,44,835.687389,2057.024629,54.933883,1.330246,46,44,53.562050,57.455076,142.232453,7.250605,43,42,134.328456,152.504750
active_graph_h__graph_s__l1__pair__know_hs,35,5,0.252451,0.010551,43,44,0.262409,0.232190,0.921394,0.000497,45,46,0.920735,0.922079,0.648961,0.015235,46,44,0.635806,0.678409,0.730625,0.023407,43,42,0.769701,0.698760,0.265826,0.012342,43,44,0.277932,0.242598,0.292484,0.014625,43,44,0.304258,0.265533,0.256809,0.012227,45,44,0.264501,0.232638,0.063201,0.003414,45,44,0.066805,0.057913,0.092982,0.004612,45,44,0.098281,0.084469,0.431437,0.023548,45,44,0.452002,0.393529,0.326226,0.016176,45,44,0.341774,0.295361,0.265433,0.019103,46,44,0.281980,0.230444,0.183764,0.011682,42,44,0.192709,0.162359,0.283388,0.017421,46,44,0.297474,0.251505,156.609816,12.335692,43,44,144.487633,178.687142,139.220222,2.135445,43,44,135.980487,142.661032,147.146309,3.196619,43,44,143.112486,152.907293,0.239077,0.008996,43,44,0.246885,0.221782,0.204665,0.008988,46,44,0.213666,0.188326,0.173961,0.007696,46,44,0.182556,0.160094,0.192828,0.007309,43,44,0.199022,0.179461,0.239478,0.008463,46,44,0.246236,0.225133,0.294473,0.011334,46,44,0.305053,0.274203,0.186532,0.006824,46,44,0.194096,0.174651,0.298917,0.012537,46,44,0.309207,0.274276,0.061517,0.001996,46,44,0.063930,0.057913,0.418301,0.015484,46,44,0.437089,0.390434,1585.647348,1155.035250,43,45,768.761776,3878.023227,53.102871,1.081004,46,44,52.163289,55.211184,151.693372,49.086385,46,44,107.367075,242.334265
active_graph_h__graph_s__l1__pair__know_hs,40,5,0.253881,0.008683,46,44,0.262385,0.237624,0.918506,0.000715,42,46,0.917402,0.919505,0.623433,0.012642,43,44,0.609218,0.644825,0.705672,0.026498,43,46,0.745696,0.667334,0.262734,0.010925,46,44,0.275751,0.242842,0.288336,0.013196,46,44,0.304189,0.264830,0.252903,0.011191,46,44,0.267789,0.233269,0.062170,0.002720,46,44,0.065501,0.057291,0.091108,0.003838,46,44,0.096977,0.084884,0.426196,0.020665,46,44,0.451126,0.392183,0.320827,0.014765,46,44,0.344074,0.297983,0.270744,0.013560,43,44,0.280382,0.244516,0.186111,0.009005,43,44,0.193035,0.168761,0.287574,0.013584,46,44,0.296750,0.261536,153.673592,8.698147,43,44,143.187964,168.241270,137.892131,2.296005,43,44,134.153280,140.244064,145.123811,2.622762,43,44,140.964572,148.188732,0.245028,0.006842,45,44,0.250502,0.232405,0.210556,0.007211,46,44,0.216820,0.197474,0.179274,0.006332,46,44,0.185205,0.168024,0.196277,0.005558,43,44,0.200978,0.185566,0.244185,0.005868,43,44,0.248844,0.232958,0.301209,0.008910,43,44,0.307869,0.284586,0.191677,0.005543,46,44,0.196906,0.181864,0.297544,0.011662,43,44,0.309286,0.277852,0.061909,0.002183,43,44,0.064730,0.059158,0.423244,0.017650,43,44,0.447827,0.401851,1289.139932,472.247581,43,45,726.576393,1875.205753,52.570425,1.167753,43,44,51.568878,54.856095,148.501660,32.398047,43,44,114.045915,202.112919
active_graph_h__graph_s__l1__pair,5,5,0.222816,0.005053,45,44,0.230956,0.216649,0.957747,0.000617,45,46,0.957284,0.958922,0.878261,0.002765,42,44,0.875994,0.883586,0.807824,0.002446,44,46,0.810821,0.803838,0.241608,0.006062,45,44,0.251412,0.233305,0.253112,0.006242,45,44,0.262704,0.244535,0.224018,0.006074,45,44,0.232927,0.214535,0.054843,0.001040,45,46,0.056550,0.053527,0.081423,0.002068,45,44,0.084707,0.078838,0.361703,0.009343,45,46,0.379441,0.353630,0.279455,0.008065,45,44,0.294093,0.270133,0.221751,0.008344,45,46,0.237156,0.212999,0.153106,0.006110,45,46,0.162507,0.145050,0.231297,0.008703,45,46,0.245293,0.220931,179.573516,6.211028,45,46,170.375817,187.120595,163.742782,2.846275,45,46,160.490297,168.019155,178.007933,3.297687,43,46,174.338991,183.735826,0.204025,0.004344,45,46,0.210500,0.198880,0.163580,0.004325,45,44,0.170247,0.157952,0.139429,0.002521,45,44,0.144100,0.136773,0.157582,0.005918,43,44,0.163811,0.149496,0.192330,0.003464,45,46,0.196266,0.187670,0.236643,0.007772,45,44,0.244666,0.224792,0.149171,0.001863,45,44,0.151815,0.146573,0.268540,0.005888,45,44,0.278175,0.260598,0.053966,0.000892,45,46,0.055661,0.053231,0.355896,0.009103,45,43,0.373924,0.350402,3315.012328,2028.884575,45,43,477.290730,5780.221635,73.992851,1.512072,43,44,72.513741,76.913124,523.950444,240.839273,45,42,221.482744,903.175802
active_graph_h__graph_s__l1__pair,10,5,0.234572,0.002278,43,44,0.237573,0.231018,0.947542,0.000545,45,46,0.946719,0.948305,0.818365,0.002856,42,44,0.815443,0.822987,0.726549,0.015673,44,45,0.745786,0.698392,0.254419,0.004340,45,44,0.259382,0.248513,0.272222,0.005111,43,44,0.277051,0.265007,0.241647,0.003704,46,42,0.245207,0.236785,0.057973,0.001178,46,44,0.059514,0.056046,0.087315,0.001124,46,45,0.089389,0.086129,0.396085,0.007907,46,44,0.404440,0.382731,0.307611,0.004572,46,42,0.315697,0.303096,0.237197,0.011484,42,45,0.255175,0.222882,0.161660,0.007201,42,45,0.174303,0.152460,0.248914,0.011968,42,45,0.268743,0.231947,167.659346,3.351464,42,45,161.598537,171.703649,155.999197,2.404576,43,46,152.456392,158.779059,166.799980,2.523651,43,46,162.797387,170.553441,0.214725,0.001765,42,46,0.217030,0.212956,0.177812,0.001219,43,44,0.179280,0.176225,0.151686,0.002128,42,45,0.154452,0.148519,0.171980,0.001447,43,46,0.173711,0.170243,0.216467,0.005762,43,45,0.222170,0.208121,0.262446,0.001543,43,45,0.264958,0.260477,0.166351,0.003861,42,45,0.170592,0.159799,0.288540,0.004164,46,42,0.292757,0.283384,0.057392,0.001117,46,45,0.059336,0.056076,0.390925,0.006913,46,44,0.404024,0.385566,2744.742697,1535.133823,42,44,1085.568969,5424.272942,64.751438,1.173694,43,44,63.550109,66.925569,332.256346,77.096488,42,44,241.209948,468.573124
active_graph_h__graph_s__l1__pair,15,5,0.247560,0.005162,46,42,0.254233,0.240103,0.939157,0.000883,42,43,0.938173,0.940296,0.773192,0.004660,45,44,0.766020,0.777249,0.789927,0.028382,45,46,0.831357,0.759752,0.274506,0.006318,43,42,0.282183,0.266861,0.294126,0.007570,46,42,0.304274,0.285559,0.262910,0.005397,46,42,0.269492,0.256201,0.061482,0.001847,46,45,0.063989,0.059306,0.092804,0.001632,43,42,0.094724,0.090753,0.421880,0.011607,46,42,0.439418,0.409090,0.332360,0.005721,46,42,0.339434,0.325073,0.252046,0.017614,45,43,0.269149,0.220719,0.175542,0.007942,45,43,0.183254,0.161707,0.269058,0.013179,45,43,0.282084,0.245366,160.749232,7.803997,44,42,153.457036,170.377918,149.869460,1.728863,45,46,147.776044,151.600219,160.338600,2.910335,45,42,156.411640,165.068193,0.220614,0.010182,45,43,0.234063,0.205203,0.185829,0.008966,45,43,0.197829,0.172407,0.157389,0.009080,45,43,0.168904,0.143805,0.179982,0.005085,45,43,0.186811,0.172970,0.224327,0.011285,45,43,0.236574,0.207884,0.274477,0.009128,45,43,0.287462,0.261221,0.172941,0.009108,45,43,0.184275,0.159648,0.309952,0.004981,46,42,0.317693,0.304455,0.061523,0.000612,46,44,0.062448,0.060581,0.421411,0.005402,46,42,0.431519,0.416324,1057.309437,303.367082,46,45,701.789900,1451.315369,60.319502,1.190795,45,44,59.359940,62.595348,186.342914,22.346254,46,42,155.532118,224.158681
active_graph_h__graph_s__l1__pair,20,5,0.245751,0.007462,43,44,0.255717,0.235449,0.934602,0.000473,42,46,0.933961,0.935176,0.737601,0.008032,45,44,0.729438,0.747579,0.760152,0.013642,45,46,0.782499,0.740619,0.268125,0.005461,43,44,0.278034,0.262973,0.289249,0.005224,43,44,0.298827,0.283459,0.256359,0.006446,43,44,0.267094,0.248134,0.061743,0.000547,43,42,0.062507,0.060818,0.091974,0.001774,43,44,0.094072,0.089567,0.419927,0.006493,43,44,0.429513,0.412723,0.324076,0.008470,43,44,0.337380,0.311405,0.251309,0.019146,42,44,0.271953,0.225427,0.176076,0.010762,42,44,0.187285,0.161174,0.271730,0.015384,42,44,0.289070,0.251223,162.298763,13.929519,43,46,147.233465,182.061633,146.780282,2.176152,43,44,143.746692,149.431559,156.817566,4.237252,43,44,151.182832,162.022287,0.223376,0.010733,42,44,0.233572,0.207924,0.188994,0.008155,42,44,0.195884,0.175693,0.159374,0.009307,42,44,0.167614,0.143463,0.181867,0.006806,42,44,0.188263,0.170806,0.226129,0.014119,43,44,0.239834,0.203201,0.278710,0.009524,43,44,0.286330,0.263198,0.175403,0.010803,42,44,0.185036,0.157069,0.301089,0.006968,43,44,0.311502,0.290761,0.060943,0.001176,43,44,0.061855,0.058921,0.413909,0.010292,43,44,0.423788,0.395880,1127.348546,251.396559,45,43,640.695584,1323.632339,58.251284,1.206863,43,44,57.404350,60.608698,176.937855,26.112049,43,46,151.490069,219.101535
active_graph_h__graph_s__l1__pair,25,5,0.253584,0.003893,42,44,0.257533,0.246472,0.929918,0.000434,42,46,0.929261,0.930515,0.696066,0.004951,45,44,0.688937,0.701713,0.668811,0.013353,45,46,0.683732,0.643707,0.271218,0.005737,42,44,0.277996,0.262363,0.293809,0.006825,42,44,0.302790,0.284038,0.260811,0.005020,42,44,0.267316,0.253280,0.062146,0.002072,42,44,0.065175,0.059632,0.093480,0.002216,42,44,0.096206,0.090279,0.426316,0.010987,42,44,0.440016,0.412501,0.329392,0.006235,42,44,0.337148,0.321174,0.275355,0.003366,46,44,0.278235,0.269690,0.187327,0.002274,45,44,0.189953,0.183314,0.289693,0.002458,45,44,0.292316,0.286201,151.029246,2.196196,43,46,147.837104,154.367176,145.063943,1.641990,43,46,142.282255,147.079872,152.651738,1.730369,43,46,149.788654,155.080572,0.235951,0.003085,45,44,0.239948,0.230582,0.200307,0.003002,45,44,0.204270,0.195109,0.170138,0.002622,46,44,0.173261,0.165694,0.189040,0.003191,45,44,0.192976,0.183729,0.237285,0.002339,45,44,0.239715,0.232899,0.291296,0.004574,45,44,0.298160,0.283895,0.184930,0.002421,46,44,0.187693,0.180550,0.304353,0.005728,42,44,0.312822,0.297356,0.061648,0.001247,42,44,0.063930,0.060581,0.419358,0.007695,42,43,0.430890,0.409628,1459.198881,528.176719,42,43,874.852311,2136.756719,56.369109,1.348556,46,44,55.112597,58.987354,142.745696,6.778680,46,43,130.338277,149.222862
active_graph_h__graph_s__l1__pair,30,5,0.252004,0.006894,46,44,0.262591,0.241527,0.925376,0.000393,42,44,0.924670,0.925784,0.669115,0.009209,45,42,0.660062,0.681827,0.674841,0.008113,45,44,0.690718,0.667929,0.268333,0.010407,46,44,0.284835,0.256924,0.294040,0.014370,46,44,0.316393,0.278082,0.257796,0.010310,46,43,0.275005,0.247445,0.063646,0.004544,46,44,0.069710,0.058536,0.093076,0.005464,46,43,0.100889,0.086959,0.433006,0.026262,46,44,0.473905,0.403326,0.325794,0.015302,46,43,0.352158,0.309906,0.268918,0.012753,46,42,0.283179,0.252558,0.184736,0.006184,45,42,0.190960,0.176704,0.285667,0.010188,46,42,0.298601,0.273150,156.738480,6.397323,43,44,149.745161,165.112243,142.994988,1.466137,43,46,140.300769,144.582372,151.167643,2.327487,43,44,147.270104,154.070591,0.235676,0.006711,45,44,0.242927,0.226130,0.201044,0.006708,46,44,0.209148,0.192465,0.170926,0.006582,46,42,0.180379,0.162444,0.189597,0.004542,45,44,0.194576,0.182217,0.236325,0.006907,46,42,0.243094,0.225489,0.290380,0.008223,46,44,0.298824,0.278789,0.184068,0.006953,46,42,0.193346,0.173766,0.297927,0.007115,46,44,0.309523,0.290871,0.060551,0.001329,42,45,0.062359,0.058595,0.411807,0.008397,46,45,0.425403,0.399709,1141.538037,429.245374,46,45,583.122995,1648.685997,55.033577,1.350751,46,44,53.621235,57.602078,141.026637,12.459527,46,44,123.423025,156.409070
active_graph_h__graph_s__l1__pair,35,5,0.253394,0.002459,46,42,0.256853,0.249688,0.921385,0.000399,45,46,0.920851,0.922037,0.639403,0.006433,45,42,0.632792,0.648207,0.721054,0.020855,43,42,0.756367,0.691701,0.264210,0.002905,46,45,0.268897,0.259741,0.289457,0.004180,46,45,0.294462,0.282171,0.255037,0.003219,46,45,0.260063,0.251846,0.061476,0.001283,44,45,0.062952,0.059218,0.090919,0.001561,44,43,0.092828,0.089034,0.424594,0.009379,44,45,0.434096,0.409944,0.322344,0.006943,44,42,0.332284,0.313740,0.275975,0.006550,45,42,0.283496,0.264492,0.189822,0.003127,45,42,0.194784,0.185892,0.292232,0.005223,45,42,0.299884,0.284920,149.387841,3.737085,43,42,144.201012,154.716415,138.449129,1.848862,43,44,135.085601,140.054003,145.862457,2.049448,43,42,142.297395,148.232523,0.242579,0.004631,45,42,0.247406,0.235021,0.208040,0.004259,46,42,0.211856,0.201054,0.176912,0.004719,46,42,0.181739,0.168981,0.195382,0.002606,43,44,0.198251,0.190931,0.243711,0.003619,45,42,0.247836,0.237404,0.298642,0.004063,43,42,0.303344,0.293207,0.189507,0.004419,45,42,0.193777,0.182523,0.297495,0.004474,44,45,0.302995,0.290211,0.060830,0.001519,44,45,0.062922,0.058328,0.417638,0.009642,44,45,0.433203,0.404267,1022.369230,313.742106,43,44,681.753013,1546.682632,53.176297,1.076151,46,44,52.188289,55.257605,123.722639,10.407275,46,42,112.269461,140.953074
active_graph_h__graph_s__l1__pair,40,5,0.254656,0.006416,43,46,0.264527,0.244271,0.918611,0.000817,42,46,0.917397,0.919850,0.614752,0.004784,45,46,0.606908,0.620522,0.700248,0.028232,43,46,0.741614,0.657101,0.264040,0.009184,43,46,0.279615,0.251963,0.287912,0.011225,43,46,0.307582,0.273435,0.254342,0.007725,43,46,0.266757,0.243769,0.061298,0.002623,43,46,0.065827,0.057854,0.091097,0.002466,43,46,0.094902,0.087493,0.422034,0.018110,43,46,0.454150,0.400516,0.322226,0.008369,43,46,0.333896,0.310697,0.277297,0.007309,43,46,0.282894,0.263287,0.190705,0.004996,43,46,0.194665,0.182365,0.295208,0.006484,43,46,0.301032,0.284437,149.218110,7.563186,43,46,143.172903,164.065619,137.275441,1.612789,43,46,134.874024,139.632862,144.306078,2.106294,43,46,141.511142,147.988669,0.245271,0.004826,45,46,0.250084,0.236579,0.211220,0.003233,43,46,0.215426,0.205897,0.179430,0.003148,43,46,0.183003,0.173917,0.197783,0.003204,42,46,0.200563,0.193124,0.245536,0.005146,43,46,0.249378,0.235448,0.302947,0.003707,43,46,0.307902,0.297464,0.191747,0.003030,43,46,0.194270,0.185920,0.295092,0.007919,43,46,0.306760,0.283819,0.060344,0.001377,42,46,0.062181,0.058210,0.414613,0.006962,43,46,0.422589,0.404152,955.856365,304.102207,45,44,534.289897,1367.009261,52.635387,1.187339,43,44,51.606531,54.959699,125.489865,16.663251,45,46,111.379937,157.039605
active_graph_h__graph_s__l1,5,5,0.212458,0.012153,43,44,0.227794,0.196187,0.957610,0.000685,45,46,0.956918,0.958827,0.882271,0.007132,43,44,0.875817,0.893450,0.813390,0.015802,42,45,0.843509,0.798067,0.233670,0.012659,43,44,0.252711,0.218306,0.244777,0.012792,43,44,0.261910,0.227336,0.216559,0.012662,43,44,0.234647,0.198819,0.053835,0.001750,46,44,0.056017,0.051838,0.080225,0.002468,43,44,0.083521,0.076467,0.350777,0.013920,46,44,0.367202,0.334734,0.270857,0.012882,43,44,0.290403,0.253076,0.188901,0.024194,46,44,0.219413,0.161562,0.132798,0.014972,46,44,0.151749,0.115768,0.203225,0.021973,46,44,0.232939,0.180784,201.515017,18.803989,43,42,175.222980,225.174912,165.555595,3.175966,43,44,159.905150,168.834605,184.134316,6.741330,43,44,174.884040,193.575365,0.191245,0.012535,43,44,0.202877,0.174067,0.152783,0.011475,42,44,0.162347,0.136843,0.128309,0.011443,42,45,0.138488,0.114110,0.148755,0.010999,42,44,0.159662,0.133047,0.177890,0.016069,42,45,0.193124,0.155839,0.225564,0.013791,42,44,0.237219,0.205849,0.138895,0.011716,42,45,0.150353,0.122232,0.260318,0.015171,43,44,0.279909,0.240071,0.053029,0.002575,46,45,0.055987,0.049555,0.346672,0.019395,46,45,0.367612,0.322720,25156.754362,45132.160509,44,42,787.617920,115296.463068,73.997622,1.515559,43,44,72.643161,76.957645,3844.185112,6820.579848,46,42,288.526724,17481.272092
active_graph_h__graph_s__l1,10,5,0.230597,0.009481,43,46,0.240090,0.216175,0.947327,0.000710,45,46,0.946186,0.948097,0.820603,0.006355,43,44,0.815084,0.832353,0.725059,0.016502,42,45,0.742739,0.698392,0.252776,0.008427,43,44,0.264246,0.242462,0.271695,0.008589,43,44,0.282605,0.261747,0.242595,0.010947,43,44,0.256261,0.227796,0.057949,0.000689,45,46,0.058714,0.056876,0.088133,0.003169,42,44,0.090812,0.083580,0.394249,0.008054,45,46,0.403312,0.381999,0.309996,0.014028,43,44,0.325457,0.291253,0.217591,0.015861,43,46,0.234856,0.189107,0.151743,0.012954,42,46,0.162418,0.127030,0.233455,0.019853,42,46,0.253644,0.197100,183.111861,8.765673,43,46,169.743443,196.895095,156.834539,3.151485,43,46,152.888779,161.964065,170.065754,6.390845,43,46,162.965611,180.409578,0.208418,0.011723,45,46,0.218082,0.187712,0.172170,0.009683,45,46,0.179895,0.155029,0.146186,0.009247,42,46,0.153924,0.129678,0.166639,0.009546,45,46,0.174007,0.149170,0.207777,0.014971,42,46,0.218494,0.178838,0.254536,0.013569,43,46,0.265780,0.229848,0.160152,0.011066,42,46,0.168843,0.138971,0.288044,0.009873,43,46,0.300173,0.275818,0.057611,0.001208,43,46,0.058803,0.055602,0.390782,0.011301,43,46,0.402823,0.372390,8555.912927,6397.134533,44,42,1470.413865,19278.971558,64.717218,1.235800,43,44,63.472406,66.997794,704.640811,295.046360,44,42,362.474673,1135.495839
active_graph_h__graph_s__l1,15,5,0.243449,0.012799,45,44,0.257497,0.223364,0.939432,0.000837,45,46,0.938400,0.940433,0.780002,0.011731,45,44,0.766137,0.795795,0.788930,0.024265,44,46,0.822662,0.765467,0.271609,0.011452,46,44,0.283502,0.252949,0.290925,0.012860,46,44,0.306100,0.270912,0.258539,0.011292,46,44,0.271522,0.240920,0.061612,0.002578,46,44,0.065175,0.058151,0.091820,0.003645,46,44,0.097392,0.087255,0.417690,0.019030,46,44,0.443399,0.392177,0.325185,0.015087,46,44,0.344745,0.305943,0.237500,0.030765,45,44,0.271986,0.194370,0.167333,0.017746,45,44,0.187552,0.142235,0.256929,0.027841,45,44,0.287503,0.219155,171.884722,18.319388,45,44,150.998111,201.029538,150.864004,2.231395,43,44,147.806284,153.265860,162.648650,4.498802,45,44,157.069472,170.607934,0.215290,0.014314,45,44,0.233319,0.193780,0.181897,0.012255,45,44,0.196618,0.164094,0.153227,0.011723,45,44,0.166899,0.135886,0.176443,0.008926,45,44,0.186841,0.162270,0.218945,0.014295,45,44,0.234973,0.198044,0.269887,0.014058,45,44,0.287358,0.249883,0.169107,0.011580,45,44,0.182898,0.152445,0.304382,0.013252,46,44,0.316690,0.282888,0.060451,0.002414,46,44,0.062774,0.056461,0.410083,0.018781,46,44,0.430267,0.380618,1021.782396,406.124955,46,44,536.886243,1589.034628,60.323694,1.226628,45,44,59.322989,62.689481,239.619265,86.335825,46,44,144.628773,365.922397
active_graph_h__graph_s__l1,20,5,0.248578,0.003862,46,45,0.253469,0.242295,0.934628,0.000339,45,46,0.934234,0.935013,0.735879,0.007857,46,45,0.727129,0.749135,0.745783,0.006542,44,42,0.755209,0.737830,0.267904,0.005782,46,45,0.274699,0.257680,0.289684,0.007324,46,45,0.299579,0.277756,0.255917,0.006042,46,45,0.264808,0.246594,0.061772,0.001600,46,45,0.064019,0.059781,0.091476,0.002131,46,43,0.095317,0.089330,0.421869,0.012326,46,45,0.439715,0.403246,0.322925,0.008324,46,45,0.337018,0.313284,0.260643,0.011737,43,45,0.272038,0.240338,0.180563,0.006661,43,45,0.188411,0.168880,0.279141,0.010506,43,45,0.289137,0.260183,157.821917,10.219101,43,45,147.759324,176.552102,146.446031,1.968947,43,46,143.344532,148.909723,155.200589,2.317935,43,46,150.801334,157.017406,0.229252,0.003213,43,42,0.233256,0.224650,0.193919,0.002839,46,42,0.197743,0.189587,0.165467,0.003578,46,42,0.171319,0.160993,0.184511,0.001781,43,44,0.187048,0.181891,0.234321,0.004259,46,45,0.239478,0.229461,0.283539,0.002860,43,44,0.286917,0.279465,0.181556,0.003463,46,44,0.187005,0.178652,0.303121,0.007888,46,45,0.313631,0.290352,0.061458,0.001685,46,45,0.064167,0.058980,0.418521,0.013481,46,45,0.439667,0.400503,1009.075842,278.609968,42,45,555.586966,1374.440266,58.282095,1.187400,46,44,57.425741,60.601950,187.141122,56.361781,43,45,147.730758,298.588859
active_graph_h__graph_s__l1,25,5,0.244760,0.010434,45,44,0.259829,0.229108,0.930140,0.000545,42,44,0.929421,0.930876,0.702422,0.007787,45,44,0.692016,0.712794,0.658733,0.010163,44,46,0.667741,0.640461,0.261068,0.011692,45,44,0.280310,0.243804,0.282911,0.013908,45,44,0.307496,0.264943,0.250080,0.011109,45,44,0.267563,0.232878,0.060634,0.003874,45,44,0.067694,0.057172,0.090385,0.004680,45,44,0.098459,0.084351,0.413401,0.024271,45,44,0.457415,0.392778,0.316672,0.014953,45,44,0.342843,0.296963,0.258155,0.020739,45,44,0.277523,0.232135,0.177848,0.012104,45,44,0.189330,0.161915,0.275946,0.017519,45,44,0.293039,0.254432,160.972593,13.339362,43,46,148.569695,177.716680,145.146330,1.761504,43,44,142.025293,147.064613,154.350972,3.645952,43,46,149.676120,158.826572,0.228451,0.010641,45,44,0.239349,0.214412,0.194299,0.007987,45,44,0.203320,0.183308,0.163506,0.007685,45,44,0.170593,0.151984,0.184867,0.006608,45,44,0.190901,0.175637,0.228749,0.010444,42,44,0.238352,0.213159,0.285359,0.009184,45,44,0.295670,0.273189,0.178571,0.007376,42,44,0.185386,0.167457,0.294264,0.011792,45,44,0.313614,0.276923,0.060581,0.001953,45,44,0.064049,0.057973,0.409666,0.013847,45,44,0.434849,0.392356,1237.179307,593.503059,45,44,714.319867,2372.002612,56.411877,1.412880,46,44,55.144221,59.168176,167.364661,28.961131,45,44,142.914988,213.164448
active_graph_h__graph_s__l1,30,5,0.250457,0.005090,46,42,0.259338,0.243515,0.925608,0.000337,42,44,0.925069,0.926061,0.666700,0.008269,45,42,0.658698,0.681436,0.672510,0.010356,43,46,0.688288,0.657216,0.265427,0.007395,46,45,0.278541,0.255756,0.290602,0.008570,46,45,0.305532,0.279565,0.254936,0.007424,46,45,0.268448,0.246647,0.062306,0.001945,46,45,0.064997,0.059751,0.090931,0.003163,46,43,0.096028,0.087493,0.427100,0.012758,46,45,0.448650,0.410921,0.321115,0.010069,46,43,0.339223,0.311291,0.272902,0.012597,46,42,0.282813,0.248505,0.186372,0.006441,46,42,0.190901,0.174007,0.288686,0.010398,46,42,0.298852,0.269250,156.978772,9.357563,43,42,147.983647,174.390340,143.291637,2.047034,43,46,139.854108,145.351438,151.924097,3.416220,43,42,147.266851,157.361529,0.235486,0.007547,45,42,0.243512,0.221950,0.200929,0.007087,46,42,0.207374,0.188164,0.171056,0.007286,46,42,0.178928,0.157988,0.189360,0.004333,45,42,0.194221,0.182365,0.237724,0.008154,45,42,0.245110,0.222229,0.290490,0.007676,45,42,0.298287,0.276779,0.184871,0.007556,46,42,0.192402,0.170977,0.297027,0.007357,46,45,0.308080,0.286894,0.060326,0.001592,42,45,0.062359,0.058239,0.412054,0.010392,46,45,0.423993,0.398743,1073.785397,339.801530,44,46,731.432846,1675.447473,55.015535,1.390942,46,44,53.589777,57.657310,141.344518,18.362342,45,42,125.445579,174.225847
active_graph_h__graph_s__l1,35,5,0.249631,0.005511,43,44,0.256999,0.242085,0.921548,0.000535,45,46,0.920936,0.922297,0.645564,0.009880,45,44,0.634187,0.663728,0.717464,0.027975,43,42,0.766774,0.684810,0.261331,0.008077,43,42,0.276568,0.255416,0.287106,0.012497,43,42,0.309465,0.274128,0.253988,0.009551,43,46,0.272411,0.247613,0.062057,0.004019,43,42,0.068524,0.057054,0.092472,0.004442,43,42,0.101067,0.088975,0.422787,0.026361,43,42,0.463436,0.387606,0.325257,0.016732,43,42,0.356619,0.309114,0.266394,0.013771,42,44,0.282382,0.247523,0.183883,0.007927,42,44,0.194309,0.173474,0.283904,0.012008,42,44,0.298696,0.268419,157.104847,9.112251,42,44,147.198460,170.817889,139.271364,2.054305,43,46,135.912090,141.761928,147.388096,2.620148,43,44,144.308649,150.678014,0.237931,0.006236,45,44,0.246476,0.228011,0.204052,0.005227,45,44,0.211104,0.195090,0.173356,0.005162,45,44,0.179778,0.164097,0.192146,0.005059,42,44,0.197451,0.183402,0.238672,0.006862,45,44,0.246473,0.227564,0.294147,0.006882,45,44,0.302171,0.281817,0.186409,0.005919,45,44,0.192576,0.175391,0.297748,0.007370,43,46,0.311283,0.290918,0.062152,0.001489,43,46,0.064464,0.060462,0.423424,0.011202,43,42,0.442456,0.411201,1051.103667,311.748003,43,42,531.782231,1373.725263,53.154478,1.050080,46,44,52.322257,55.227137,141.206927,25.917774,45,44,115.254674,190.140235
active_graph_h__graph_s__l1,40,5,0.254050,0.001602,45,42,0.255559,0.250962,0.918722,0.000812,42,46,0.917525,0.919945,0.613161,0.006199,46,42,0.606562,0.621501,0.697607,0.032379,43,46,0.754300,0.654880,0.262298,0.002070,44,42,0.265321,0.259416,0.286680,0.004792,44,42,0.290755,0.278382,0.254637,0.001453,44,42,0.256942,0.252397,0.061180,0.002004,45,42,0.062863,0.057469,0.091832,0.000691,44,42,0.092531,0.090575,0.420643,0.014930,46,42,0.434604,0.394051,0.325297,0.004374,44,42,0.330492,0.317356,0.278761,0.003743,46,42,0.284927,0.273324,0.191043,0.002028,46,44,0.193717,0.187700,0.296630,0.004187,46,44,0.303858,0.292462,148.487729,2.724800,43,46,143.979006,152.293303,137.428702,1.697593,43,46,134.501230,139.557744,144.418593,1.782350,43,46,141.405886,146.944582,0.245801,0.002291,45,42,0.248592,0.242507,0.211675,0.002794,46,42,0.215092,0.208213,0.180402,0.002805,46,42,0.184118,0.176044,0.197854,0.002226,43,44,0.200178,0.193598,0.246758,0.001420,43,42,0.248311,0.244517,0.303569,0.003160,43,44,0.307042,0.298510,0.193727,0.002116,46,42,0.195964,0.190333,0.295869,0.001192,43,42,0.298165,0.294737,0.061269,0.000855,43,44,0.062833,0.060492,0.419106,0.004504,43,44,0.426791,0.414360,1139.641461,280.408579,46,43,630.635450,1441.147135,52.573402,1.177105,43,44,51.506246,54.867200,125.409745,7.987712,46,42,115.864282,139.097728
active_graph_h__graph_s,5,5,0.228213,0.004047,43,44,0.232905,0.220943,0.958736,0.000705,45,46,0.957807,0.959791,0.878880,0.002775,43,44,0.876515,0.884210,0.803094,0.023631,44,42,0.826836,0.758975,0.247758,0.006728,43,44,0.255257,0.236635,0.262924,0.006213,46,44,0.268244,0.252405,0.230068,0.006955,43,44,0.238168,0.219455,0.057759,0.001628,46,44,0.059751,0.055750,0.085098,0.002339,46,44,0.087670,0.081565,0.387134,0.008624,46,44,0.398687,0.374782,0.292602,0.008820,46,44,0.304948,0.279727,0.225899,0.009900,42,46,0.240569,0.214574,0.152496,0.010200,42,46,0.170006,0.142116,0.234407,0.012823,42,45,0.256677,0.220229,178.302827,7.593482,42,45,168.367598,190.692557,162.175254,2.500358,43,46,159.047595,165.821961,176.523868,2.828736,43,46,173.485687,181.415954,0.208669,0.003724,45,46,0.214688,0.204450,0.169391,0.002578,45,44,0.173804,0.165770,0.143884,0.001720,45,44,0.146518,0.141444,0.163806,0.002942,42,44,0.167457,0.160136,0.201565,0.004200,42,46,0.207884,0.196799,0.247390,0.003085,42,44,0.250709,0.241586,0.155940,0.002131,42,44,0.159821,0.153622,0.280600,0.006857,43,44,0.287638,0.268710,0.057854,0.001521,42,44,0.059573,0.055631,0.387913,0.009199,46,44,0.399210,0.371845,1913.664077,1020.840728,42,44,461.351629,2873.252352,73.910466,1.588870,43,44,72.574971,77.029959,405.340389,304.306400,42,45,140.273986,995.376454
active_graph_h__graph_s,10,5,0.239506,0.008296,43,45,0.247055,0.223380,0.949813,0.000568,42,46,0.949149,0.950785,0.822160,0.008427,43,45,0.815254,0.838129,0.622425,0.055352,43,42,0.669944,0.520675,0.263191,0.012048,43,45,0.273317,0.239698,0.281979,0.011321,43,45,0.292074,0.260507,0.251410,0.011003,43,45,0.261319,0.230558,0.059982,0.001821,43,45,0.061796,0.056758,0.091381,0.003135,42,45,0.094013,0.086011,0.408738,0.011912,43,45,0.421119,0.388015,0.321619,0.010850,43,45,0.332770,0.301835,0.244838,0.017477,43,45,0.262946,0.212369,0.169188,0.010009,43,45,0.181150,0.152104,0.260380,0.015002,43,45,0.277322,0.232990,162.521772,6.502235,43,45,154.044008,173.639935,154.572885,2.488791,43,46,149.847608,156.926820,166.527346,3.100989,43,46,160.914064,170.195600,0.215821,0.004612,43,45,0.220793,0.207062,0.177412,0.004100,43,45,0.181865,0.169913,0.151031,0.004549,43,45,0.155056,0.142585,0.172543,0.004297,43,45,0.178245,0.165086,0.219668,0.009107,43,45,0.230231,0.203142,0.263094,0.006251,43,45,0.271445,0.252183,0.168287,0.005802,43,45,0.174275,0.157459,0.297315,0.010201,46,45,0.306179,0.277571,0.059461,0.001417,42,45,0.060699,0.056876,0.403481,0.010148,46,45,0.417559,0.385956,2428.146046,1462.346832,43,46,568.744838,4117.891732,63.984847,1.234339,43,44,62.820497,66.297557,185.157765,44.391946,43,45,114.286012,235.370289
active_graph_h__graph_s,15,5,0.249064,0.006989,43,45,0.257373,0.239231,0.941360,0.000984,45,46,0.940075,0.942792,0.774820,0.002555,46,44,0.771985,0.778285,0.767001,0.034306,45,46,0.813792,0.708741,0.272379,0.010200,43,45,0.285504,0.259097,0.289802,0.011288,43,45,0.303043,0.274422,0.262816,0.009791,43,45,0.276073,0.250159,0.060124,0.002769,42,45,0.063900,0.055987,0.094179,0.003784,43,45,0.097747,0.088263,0.406505,0.017017,42,45,0.425336,0.379885,0.330119,0.012451,43,45,0.344946,0.310880,0.253460,0.015781,42,45,0.268493,0.223315,0.174303,0.011523,42,45,0.183343,0.151571,0.269433,0.015450,42,45,0.280116,0.238759,158.297612,7.737432,42,45,151.783654,173.309452,149.487549,2.047504,43,46,146.757479,152.793784,160.366636,2.461852,43,45,156.578161,163.100174,0.225749,0.003986,42,45,0.230275,0.219365,0.188793,0.003369,42,45,0.192078,0.182512,0.160417,0.003174,42,45,0.163677,0.154561,0.180765,0.005164,42,45,0.185033,0.171073,0.228417,0.007879,42,45,0.233788,0.213041,0.276446,0.005120,42,45,0.280217,0.266798,0.176160,0.004381,42,45,0.179861,0.167676,0.304866,0.010869,43,45,0.315893,0.289587,0.060492,0.002337,42,45,0.063189,0.056728,0.406655,0.015274,42,45,0.421224,0.382378,2089.763919,524.553530,42,43,1619.334796,3006.783095,60.174111,1.216800,46,44,59.230147,62.556935,184.638782,39.044355,46,45,144.649478,253.798000
active_graph_h__graph_s,20,5,0.252645,0.003906,43,44,0.256742,0.246720,0.937417,0.000657,42,46,0.936266,0.938195,0.732818,0.004455,45,44,0.726105,0.738920,0.744126,0.025087,44,43,0.774581,0.707051,0.272076,0.005904,43,44,0.277879,0.264485,0.291138,0.006791,46,42,0.300334,0.283044,0.262885,0.004301,46,42,0.267396,0.257659,0.060812,0.001957,46,42,0.063960,0.058566,0.095163,0.001667,46,42,0.097273,0.093420,0.409570,0.012304,46,42,0.428775,0.392827,0.330080,0.005969,45,42,0.336618,0.320576,0.267357,0.003872,42,44,0.271939,0.262463,0.184191,0.002463,45,44,0.186515,0.180498,0.284590,0.003029,46,44,0.286773,0.278583,151.073680,2.462869,43,46,148.054334,154.630300,146.641979,1.759887,43,46,143.749389,148.738699,156.548222,1.952955,43,46,154.083689,159.580895,0.233215,0.002759,45,44,0.236479,0.228954,0.196153,0.002725,45,44,0.199175,0.191749,0.166849,0.001849,45,44,0.169113,0.164048,0.187244,0.002924,45,44,0.189715,0.181713,0.236633,0.002331,43,44,0.239182,0.233076,0.286447,0.004369,45,44,0.290388,0.278483,0.183316,0.001850,45,44,0.185286,0.180000,0.305836,0.006532,46,42,0.313610,0.297091,0.061761,0.001434,46,42,0.064197,0.060196,0.414953,0.009747,46,42,0.430916,0.401292,2672.409255,434.395791,42,43,2039.315593,3308.415558,58.220833,1.089378,43,44,57.441618,60.364115,144.357469,21.220023,42,43,121.571505,173.562536
active_graph_h__graph_s,25,5,0.251749,0.006114,46,45,0.258455,0.243112,0.932970,0.000781,42,46,0.931871,0.934067,0.698502,0.003787,45,42,0.693994,0.702615,0.682181,0.014626,44,45,0.703114,0.665217,0.267829,0.011842,46,45,0.280460,0.247697,0.288711,0.012926,46,45,0.305950,0.269015,0.257979,0.010226,46,45,0.271333,0.244857,0.060931,0.002869,46,45,0.064790,0.057084,0.093100,0.003596,46,44,0.097510,0.087493,0.412376,0.018178,46,45,0.439283,0.384523,0.325210,0.010674,46,44,0.340357,0.310423,0.273910,0.003811,46,44,0.276666,0.266358,0.187297,0.001930,43,44,0.189182,0.183847,0.289278,0.002380,46,44,0.292647,0.285282,148.122285,2.652003,43,46,144.641894,152.244027,144.378303,1.765886,43,46,142.104876,146.477701,153.713855,2.149597,43,46,151.149554,156.947786,0.235668,0.003228,45,44,0.238526,0.229367,0.200009,0.003078,46,44,0.203148,0.194342,0.169274,0.003104,46,44,0.174231,0.164567,0.189526,0.003065,45,44,0.192324,0.184025,0.235590,0.003151,42,44,0.239597,0.230172,0.290614,0.004047,45,44,0.293692,0.282597,0.183450,0.003125,46,44,0.187937,0.178550,0.300311,0.010836,46,45,0.313264,0.282214,0.060587,0.001336,46,45,0.062211,0.058714,0.410079,0.009943,46,45,0.425318,0.394399,1536.204604,177.104913,45,43,1244.861871,1787.443176,56.295308,1.420126,46,44,54.779437,58.971157,110.339141,7.637243,45,44,99.763091,121.310698
active_graph_h__graph_s,30,5,0.256385,0.003044,46,44,0.260103,0.252405,0.928104,0.000458,42,46,0.927626,0.928880,0.669456,0.003264,45,44,0.665586,0.673982,0.662349,0.013337,43,46,0.683644,0.644411,0.273790,0.006065,46,45,0.280410,0.263959,0.300099,0.006837,46,45,0.306661,0.288761,0.266509,0.007123,43,45,0.274619,0.257230,0.064138,0.001053,42,45,0.065560,0.062448,0.096775,0.002056,43,44,0.099467,0.093776,0.434919,0.008148,43,45,0.443446,0.419662,0.338200,0.008863,43,44,0.352666,0.328618,0.275745,0.001993,42,45,0.277631,0.272773,0.188506,0.002097,43,44,0.191138,0.185685,0.290062,0.002691,46,44,0.293502,0.285882,149.594778,2.899132,42,46,147.448171,155.020775,142.019369,0.987529,43,46,140.214906,143.174693,150.590759,1.348858,43,46,148.282060,152.480471,0.238979,0.002388,45,44,0.242446,0.235053,0.203634,0.002613,46,44,0.207292,0.200159,0.173321,0.002678,46,44,0.178100,0.170794,0.191571,0.001664,46,44,0.193035,0.188500,0.240296,0.001497,46,43,0.242561,0.238293,0.293636,0.002938,46,44,0.297720,0.290002,0.186966,0.003549,46,44,0.193651,0.183943,0.307340,0.006176,43,45,0.313472,0.298423,0.062353,0.001179,42,44,0.064138,0.061352,0.421838,0.007941,43,45,0.432945,0.411432,1649.193089,435.298699,42,45,1008.902044,2110.141089,55.055280,1.287386,46,44,53.462407,57.411238,119.541657,11.175926,44,46,105.913539,133.906006
active_graph_h__graph_s,35,5,0.256215,0.005324,43,44,0.264625,0.249974,0.923488,0.000639,42,44,0.922765,0.924442,0.644715,0.009775,46,42,0.634108,0.662502,0.700936,0.032020,43,42,0.750821,0.668364,0.270107,0.008331,43,45,0.281741,0.260620,0.294588,0.010773,43,44,0.308111,0.281220,0.262246,0.008725,46,45,0.273081,0.252235,0.062276,0.002499,43,44,0.065531,0.058832,0.094843,0.002921,46,44,0.099644,0.091761,0.425732,0.018293,43,44,0.447976,0.400623,0.332903,0.012420,46,44,0.353063,0.320083,0.275628,0.010301,46,42,0.284404,0.256599,0.188637,0.005691,43,42,0.193598,0.178601,0.292419,0.008850,46,42,0.301506,0.277109,147.346075,3.962049,43,42,141.355941,153.290492,138.466809,1.887311,43,46,134.878986,139.998636,146.645775,1.996752,43,46,143.016577,148.733873,0.242323,0.004470,43,42,0.247510,0.235571,0.207245,0.004562,43,42,0.212670,0.200450,0.176150,0.004420,46,42,0.180923,0.168634,0.193717,0.003686,43,44,0.199467,0.189656,0.241873,0.004424,46,42,0.245525,0.234499,0.297711,0.006433,43,42,0.307021,0.290186,0.189064,0.004261,46,42,0.194528,0.182189,0.302323,0.006800,46,45,0.310986,0.292838,0.061304,0.001004,46,45,0.063159,0.060107,0.418537,0.009228,46,45,0.436727,0.411356,1928.253503,367.835503,46,42,1435.222466,2431.574857,53.202613,1.005072,46,44,52.384532,55.145346,106.135629,4.344743,46,42,100.818184,113.403525
active_graph_h__graph_s,40,5,0.259700,0.002333,43,44,0.262512,0.256362,0.920637,0.001199,42,46,0.918850,0.922559,0.615882,0.004638,46,44,0.610909,0.624581,0.682378,0.024803,43,44,0.725665,0.651523,0.271034,0.002668,43,42,0.275081,0.267226,0.298830,0.002855,45,46,0.302001,0.294021,0.262442,0.003750,43,42,0.266757,0.257806,0.064671,0.002133,45,46,0.067131,0.060907,0.095827,0.002032,45,42,0.099052,0.092887,0.440780,0.011262,45,46,0.454390,0.420764,0.335652,0.005716,46,42,0.340970,0.326621,0.284469,0.004558,46,44,0.289437,0.276075,0.194197,0.003607,46,44,0.196562,0.187107,0.301968,0.005926,46,44,0.310139,0.291625,144.021230,2.678327,43,46,140.443307,148.095864,136.118718,1.665092,43,46,133.935850,138.570228,144.160082,1.928246,43,46,141.858446,147.386328,0.248366,0.002599,45,44,0.250781,0.243486,0.213908,0.002402,46,44,0.216786,0.209982,0.182402,0.002384,46,44,0.185838,0.178515,0.198044,0.002169,43,44,0.199881,0.193865,0.247338,0.002601,45,44,0.249733,0.242501,0.304900,0.003318,46,44,0.307980,0.299379,0.194643,0.002421,46,44,0.197716,0.190824,0.303650,0.002481,45,42,0.306654,0.300553,0.062430,0.001202,45,43,0.064493,0.060996,0.426358,0.005745,45,43,0.436396,0.418697,1924.230884,528.064723,42,43,1058.947932,2452.373549,52.650879,1.019006,43,44,51.885854,54.662532,100.760772,3.984308,42,44,95.233598,106.264162
active_graph_h,5,5,0.203262,0.004014,43,44,0.208459,0.197390,0.968086,0.000399,45,46,0.967537,0.968625,0.877710,0.003001,43,44,0.875395,0.883500,0.799429,0.025834,45,42,0.833204,0.777121,0.246618,0.005941,43,44,0.254694,0.236634,0.255401,0.006081,43,44,0.262173,0.245074,0.224022,0.005674,43,44,0.231206,0.214561,0.055857,0.001018,45,44,0.057054,0.054031,0.082691,0.001564,45,44,0.084351,0.079905,0.372560,0.008084,45,44,0.385396,0.360747,0.281753,0.006505,45,44,0.291223,0.272448,0.175565,0.002198,43,44,0.178500,0.172532,0.130368,0.002106,42,44,0.133136,0.128334,0.198560,0.003294,42,45,0.201726,0.193338,192.189928,2.648487,43,46,189.277036,196.749108,164.067141,2.797756,43,46,160.564329,168.135134,197.934348,2.654371,45,46,195.025050,202.613287,0.159907,0.002836,45,46,0.163228,0.155400,0.133200,0.002214,45,46,0.136699,0.130192,0.110807,0.002475,45,44,0.114531,0.108070,0.131375,0.002163,43,46,0.133402,0.128364,0.158269,0.003599,45,44,0.161529,0.152756,0.199425,0.001824,42,44,0.201189,0.196665,0.122051,0.002157,45,44,0.123991,0.118093,0.275529,0.006083,43,44,0.283594,0.265352,0.057012,0.000642,46,44,0.057795,0.056017,0.378878,0.006720,45,44,0.386239,0.368852,467.417246,27.141385,46,42,446.001075,519.628885,74.907360,1.506512,43,44,73.704076,77.859365,158.638524,5.209727,43,44,154.437665,168.794162
active_graph_h,10,5,0.199362,0.019450,43,44,0.237766,0.186102,0.958552,0.003831,43,46,0.950945,0.961148,0.846780,0.013202,43,44,0.820908,0.856712,0.602802,0.044133,45,42,0.644691,0.522652,0.231909,0.014693,43,44,0.260829,0.220714,0.246090,0.014639,43,44,0.275204,0.236421,0.220017,0.013902,43,44,0.247768,0.211582,0.052816,0.002034,43,44,0.056846,0.051334,0.080877,0.003537,43,45,0.087789,0.077890,0.356982,0.014270,43,42,0.385387,0.347394,0.281273,0.013509,43,45,0.307960,0.271769,0.177221,0.030438,43,46,0.237636,0.156441,0.132709,0.016665,43,46,0.165619,0.121014,0.202712,0.024215,43,44,0.250576,0.185885,206.845868,16.993417,43,46,174.690447,224.345802,160.828510,3.543529,43,46,155.034346,165.061613,196.325308,14.744449,43,46,167.794567,209.903179,0.166816,0.024239,43,46,0.214703,0.150630,0.137215,0.019704,43,44,0.176085,0.124120,0.110288,0.020414,43,44,0.150605,0.096977,0.141043,0.017631,43,44,0.175697,0.128631,0.167172,0.031044,43,46,0.228334,0.145762,0.216551,0.024667,43,44,0.265194,0.198897,0.127822,0.022575,43,44,0.172452,0.111813,0.257060,0.016234,43,44,0.289486,0.247441,0.052282,0.002476,43,45,0.057084,0.049911,0.350168,0.015945,43,45,0.380997,0.337002,4193.783782,378.532701,43,42,3605.787645,4726.693269,64.788425,1.538890,43,44,63.068790,67.603752,515.993414,84.789255,43,42,348.452320,575.251010
active_graph_h,15,5,0.219322,0.014044,44,45,0.237585,0.200091,0.949256,0.004613,42,45,0.941646,0.954468,0.794980,0.012718,44,43,0.776525,0.807958,0.740733,0.030021,45,42,0.764295,0.681797,0.251527,0.015868,44,43,0.271668,0.236136,0.267917,0.014874,44,43,0.287308,0.252566,0.241412,0.013707,44,43,0.259652,0.227558,0.056360,0.003168,42,43,0.060136,0.052430,0.087564,0.005003,44,43,0.093954,0.081091,0.380540,0.019439,44,43,0.408789,0.356126,0.304160,0.016964,44,43,0.328304,0.282756,0.197168,0.024616,44,45,0.241941,0.169328,0.141962,0.015238,44,42,0.169295,0.126526,0.217720,0.021056,44,42,0.256472,0.198062,191.360859,17.246578,44,45,162.823368,215.729488,155.368026,2.647931,44,46,152.702799,159.893750,183.270017,9.099624,43,45,175.098469,198.783037,0.187118,0.016423,44,45,0.203502,0.159154,0.155617,0.012786,44,45,0.172659,0.135378,0.126604,0.012605,44,45,0.140468,0.104749,0.154244,0.012032,44,45,0.170184,0.138471,0.179787,0.015888,44,45,0.197036,0.154001,0.236073,0.016457,44,45,0.259109,0.215024,0.138740,0.011125,44,45,0.151221,0.120351,0.276232,0.018962,42,43,0.299670,0.259444,0.055145,0.004040,42,43,0.060581,0.051423,0.369059,0.024416,44,45,0.398715,0.343452,7654.840979,4728.654547,42,43,1814.487539,13634.039511,60.970883,1.400352,42,44,59.957097,63.746613,381.205133,235.168665,44,43,121.518417,750.455096
active_graph_h,20,5,0.227038,0.018267,42,44,0.244994,0.200903,0.946037,0.006348,42,44,0.938136,0.952788,0.748727,0.019475,46,44,0.726223,0.773674,0.690846,0.038144,46,42,0.754231,0.656546,0.261286,0.018082,46,44,0.282269,0.235287,0.279131,0.018184,46,44,0.303472,0.253492,0.250367,0.016298,46,44,0.270165,0.227296,0.058601,0.003571,46,44,0.064019,0.053646,0.090646,0.005717,46,44,0.097925,0.082691,0.396759,0.026189,46,44,0.438132,0.363295,0.312979,0.020677,46,44,0.340967,0.285968,0.203151,0.019534,46,44,0.234311,0.179167,0.147392,0.011506,46,44,0.169354,0.136337,0.227923,0.016889,46,44,0.259593,0.210077,185.490190,12.552747,46,44,165.721174,200.645865,151.291780,3.014022,45,44,147.723672,156.311749,180.351564,9.974132,42,44,166.848351,193.134478,0.192790,0.019327,42,44,0.216864,0.166520,0.162258,0.014179,42,44,0.177063,0.142740,0.132486,0.014801,42,44,0.150733,0.112863,0.158844,0.010806,46,44,0.172673,0.142709,0.185098,0.018611,42,44,0.209959,0.158743,0.244759,0.016694,46,44,0.266094,0.219727,0.144196,0.016291,42,44,0.165155,0.121803,0.284855,0.021271,46,44,0.307737,0.257693,0.056787,0.003886,46,44,0.060344,0.051956,0.380863,0.027817,46,43,0.414140,0.346080,11601.435357,7395.044546,42,43,4651.126514,21156.177401,59.165920,1.540507,45,44,57.944172,62.189403,249.366492,155.313678,46,43,105.330647,450.522684
active_graph_h,25,5,0.230967,0.017159,45,42,0.249365,0.206096,0.941852,0.004681,45,42,0.934690,0.948401,0.713425,0.021831,46,42,0.690508,0.743050,0.651872,0.014352,46,44,0.670096,0.639933,0.260142,0.019660,46,43,0.285320,0.232147,0.281125,0.019641,46,43,0.309287,0.253782,0.250524,0.019420,46,43,0.276915,0.222281,0.059905,0.003595,46,43,0.065679,0.055127,0.090978,0.007119,46,43,0.101363,0.080142,0.405177,0.028086,46,43,0.448508,0.370616,0.315462,0.026812,46,43,0.352727,0.278088,0.223581,0.023645,46,42,0.248394,0.184059,0.159093,0.012130,46,42,0.171932,0.140990,0.246478,0.019519,46,42,0.267618,0.216784,174.186514,14.944238,44,42,159.486725,197.894572,149.293663,3.238795,45,42,144.356669,154.437712,174.114283,9.769312,45,42,160.182394,190.638114,0.201791,0.019352,45,42,0.229929,0.169512,0.171951,0.016778,45,42,0.193050,0.143418,0.141058,0.016198,45,42,0.163953,0.114103,0.168346,0.011459,45,42,0.181298,0.148074,0.198269,0.019386,45,42,0.226852,0.165797,0.258926,0.019229,45,42,0.280355,0.225918,0.154452,0.016148,45,42,0.177994,0.127664,0.283435,0.023802,46,43,0.311130,0.250210,0.056722,0.004298,46,43,0.061559,0.050978,0.381429,0.032209,46,43,0.419195,0.339655,25613.308145,15927.327307,46,43,12029.434718,45294.180070,57.391261,1.413746,45,44,56.200880,60.022699,241.318627,155.396025,46,42,101.263785,436.463299
active_graph_h,30,5,0.230889,0.020782,42,44,0.256522,0.201068,0.939046,0.006417,42,44,0.928715,0.946794,0.680493,0.022742,45,44,0.656314,0.711837,0.623814,0.041767,45,43,0.674040,0.557520,0.257359,0.018748,42,44,0.279297,0.231203,0.281646,0.018020,42,44,0.301707,0.255009,0.249910,0.017424,42,44,0.269491,0.224606,0.060089,0.003227,43,44,0.063426,0.055572,0.090231,0.005428,42,44,0.096384,0.082454,0.408398,0.022381,43,44,0.433370,0.375192,0.314907,0.020419,42,44,0.333279,0.285344,0.234804,0.031337,42,44,0.272188,0.187131,0.165365,0.017781,42,44,0.186752,0.140486,0.253775,0.026765,42,44,0.286379,0.215759,171.042904,18.674575,42,46,152.100828,195.722477,148.534095,4.106080,45,46,144.813411,153.971325,171.230758,11.111101,42,44,156.332592,186.350746,0.204418,0.023052,42,44,0.233747,0.170934,0.174871,0.017350,42,44,0.194826,0.148656,0.144223,0.017331,42,44,0.165704,0.118622,0.171517,0.015048,42,44,0.188886,0.147629,0.204422,0.026745,42,44,0.237522,0.164790,0.262567,0.021299,42,44,0.285566,0.228591,0.157741,0.020070,42,44,0.182794,0.127575,0.276408,0.022675,42,44,0.306145,0.247569,0.054475,0.004312,42,46,0.060907,0.049555,0.370247,0.029112,42,44,0.410348,0.336954,100783.166556,61530.120535,42,46,30607.467907,205061.995488,56.217707,1.657926,46,44,54.790052,59.454346,252.399474,156.740352,45,46,121.467580,477.520144
active_graph_h,35,5,0.227384,0.016762,46,44,0.250198,0.206343,0.939027,0.002628,46,42,0.935047,0.941566,0.655000,0.024590,46,44,0.631957,0.688212,0.713263,0.025908,46,42,0.754517,0.674686,0.257509,0.021183,46,44,0.282168,0.229006,0.285598,0.020395,46,44,0.308529,0.258559,0.252229,0.019786,46,44,0.273933,0.224931,0.061784,0.003389,42,44,0.065975,0.057647,0.092555,0.006426,42,44,0.100296,0.084173,0.421685,0.024219,46,44,0.449846,0.391254,0.322819,0.022443,46,44,0.347085,0.291411,0.221713,0.022860,46,43,0.250576,0.191891,0.160142,0.013885,45,43,0.175726,0.143806,0.248387,0.022334,46,43,0.273200,0.221527,169.306549,13.445493,45,44,156.489125,186.409402,145.340595,2.686813,45,44,142.020269,150.109818,171.674618,5.240590,45,44,165.333454,178.545883,0.197260,0.014314,46,43,0.218228,0.182118,0.172032,0.013795,46,43,0.191595,0.157424,0.139049,0.012891,46,43,0.159277,0.125887,0.169733,0.010876,46,44,0.183669,0.156906,0.193930,0.016178,46,44,0.219798,0.176052,0.260392,0.017621,46,44,0.284418,0.240876,0.149988,0.013739,46,44,0.173052,0.135631,0.273840,0.023881,46,44,0.303693,0.244617,0.053835,0.004031,46,43,0.058803,0.048903,0.367097,0.029149,46,43,0.406281,0.330951,152090.112288,73663.807538,46,44,60335.143310,253870.886400,54.778327,1.117607,46,44,53.434974,56.830671,236.971100,155.816540,42,43,105.906879,430.855410
active_graph_h,40,5,0.225340,0.017710,43,44,0.247467,0.201596,0.934280,0.006067,45,46,0.925309,0.940515,0.640465,0.022645,42,44,0.612160,0.663217,0.659205,0.041026,43,46,0.722556,0.597794,0.249189,0.021562,42,44,0.280565,0.227021,0.277034,0.023562,42,45,0.309776,0.252013,0.242281,0.021043,42,44,0.272054,0.220494,0.059674,0.005108,42,45,0.066983,0.052430,0.087599,0.007106,42,45,0.098933,0.079727,0.410050,0.036074,42,45,0.454447,0.360370,0.307060,0.027121,42,45,0.342888,0.275378,0.221371,0.023216,43,44,0.247902,0.190849,0.160249,0.015137,43,44,0.178275,0.140249,0.249557,0.022358,43,44,0.275591,0.219926,173.222206,17.102277,43,46,152.581830,195.446792,144.489854,4.311845,43,46,138.237855,149.810079,169.548519,10.166125,43,46,155.964947,182.395166,0.201490,0.021256,43,44,0.225925,0.176170,0.175022,0.016144,43,44,0.195840,0.153871,0.143487,0.016632,43,44,0.164342,0.122213,0.171648,0.012549,43,44,0.187878,0.153853,0.200059,0.022568,43,44,0.228097,0.171429,0.263448,0.018240,43,44,0.287217,0.236777,0.155285,0.017417,43,44,0.175969,0.132291,0.262253,0.022376,42,44,0.297128,0.236732,0.051245,0.003865,42,44,0.058269,0.047421,0.350926,0.027255,42,44,0.395570,0.320833,221553.028386,62963.441630,42,44,107255.649105,290620.169873,54.380012,1.408559,45,44,53.150498,57.054056,296.705380,130.002477,42,45,106.194988,414.053037
recon_only_ph_ps_nonneg,5,5,0.234291,0.005061,45,44,0.240722,0.226667,0.953457,0.000794,45,46,0.952184,0.954523,0.877762,0.003010,43,44,0.875424,0.883568,0.602546,0.006662,42,45,0.615570,0.597057,0.245732,0.006430,43,44,0.253731,0.235023,0.254130,0.006653,45,44,0.261974,0.243279,0.221538,0.006136,43,44,0.228766,0.211754,0.055643,0.001131,45,44,0.057261,0.053734,0.080842,0.001723,45,44,0.083225,0.077949,0.370786,0.009188,45,44,0.386899,0.358700,0.276706,0.006635,45,44,0.286878,0.267683,0.274029,0.004853,45,44,0.281295,0.267850,0.178471,0.003325,45,44,0.181417,0.174274,0.269188,0.003398,45,46,0.274363,0.265079,169.753443,3.829590,43,46,165.081698,176.174265,163.926423,2.801888,43,46,160.402327,167.989670,176.698260,3.784119,43,46,172.678516,182.982498,0.222851,0.004583,45,46,0.230678,0.218160,0.173807,0.003452,45,44,0.179849,0.169831,0.151956,0.002747,45,44,0.156602,0.148232,0.174784,0.003738,45,46,0.179698,0.170391,0.234547,0.004728,45,46,0.241316,0.229046,0.258867,0.005267,45,46,0.267682,0.253686,0.176582,0.002920,45,44,0.181679,0.173129,0.277645,0.007365,43,44,0.285024,0.264777,0.057499,0.000877,43,44,0.058032,0.055750,0.381225,0.007844,45,44,0.389235,0.366817,364.580032,13.173366,45,42,347.231077,386.848980,75.928451,1.635450,43,44,74.568592,79.147221,141.480076,4.958468,43,44,137.886027,151.228323
recon_only_ph_ps_nonneg,10,5,0.248887,0.004437,45,44,0.254926,0.242115,0.942996,0.000756,45,46,0.941827,0.944170,0.815661,0.003450,45,44,0.811177,0.821765,0.577322,0.016594,45,46,0.594841,0.549658,0.267863,0.005759,43,44,0.274731,0.258294,0.277398,0.005425,43,44,0.283781,0.268359,0.253456,0.005905,43,44,0.260360,0.243054,0.056852,0.000784,43,44,0.057676,0.055453,0.091144,0.001916,42,44,0.093065,0.087611,0.392491,0.004712,45,44,0.397612,0.385228,0.321628,0.005971,43,44,0.328041,0.310579,0.282308,0.004760,45,44,0.290231,0.276256,0.186603,0.003399,45,44,0.191761,0.182158,0.281564,0.003928,45,44,0.288234,0.276916,157.697023,2.553682,43,46,154.928355,161.720749,156.436064,2.140974,43,46,153.476090,159.580938,166.413674,2.988815,43,46,162.759714,171.083177,0.229911,0.004192,45,44,0.237415,0.225937,0.179791,0.003514,45,44,0.186337,0.175695,0.155696,0.002890,45,44,0.160752,0.152214,0.179579,0.003652,45,44,0.185981,0.174926,0.239431,0.004754,45,44,0.246829,0.233966,0.269293,0.005330,45,44,0.278872,0.263153,0.181022,0.003055,45,44,0.186471,0.177519,0.304164,0.003990,43,44,0.308840,0.297581,0.060599,0.000761,42,45,0.061322,0.059395,0.410676,0.005171,46,45,0.420137,0.405423,910.908454,20.634645,46,44,888.740576,945.214023,66.886722,1.250318,46,44,65.956503,69.322319,114.641543,3.733973,46,44,110.321687,121.141302
recon_only_ph_ps_nonneg,15,5,0.256901,0.004348,45,44,0.262527,0.249849,0.933903,0.000867,45,46,0.932466,0.934768,0.770454,0.004113,45,44,0.764405,0.776219,0.707607,0.015848,45,43,0.733362,0.686872,0.277114,0.005908,43,44,0.283861,0.267339,0.290365,0.005420,45,44,0.295293,0.280956,0.266373,0.006245,43,44,0.272504,0.255821,0.058862,0.000785,46,44,0.059632,0.057410,0.094961,0.001791,46,44,0.096680,0.091701,0.405681,0.005255,46,44,0.411263,0.396934,0.336148,0.007660,46,44,0.344690,0.323831,0.290549,0.004525,45,44,0.297792,0.285662,0.190759,0.002554,45,44,0.194813,0.188085,0.289931,0.003817,45,44,0.296718,0.286323,157.276668,3.766333,45,46,153.633532,164.508068,152.532224,2.069696,43,46,149.558461,155.492455,160.194611,2.414941,43,46,156.762295,163.686416,0.236689,0.003495,45,44,0.242930,0.232358,0.188526,0.002765,45,44,0.193145,0.184788,0.161623,0.002379,45,44,0.165751,0.158962,0.186971,0.002387,45,44,0.190249,0.183106,0.243545,0.003786,45,44,0.249140,0.239241,0.280155,0.003823,45,44,0.286480,0.274748,0.185741,0.002696,45,44,0.190301,0.182662,0.312653,0.004029,43,44,0.318907,0.306516,0.061844,0.000393,42,46,0.062330,0.061381,0.420873,0.004334,43,42,0.426775,0.415524,1974.112535,182.230303,44,46,1763.817484,2292.821736,63.596045,1.276409,46,44,62.591609,66.062461,105.868227,2.210910,45,44,102.534742,108.933040
recon_only_ph_ps_nonneg,20,5,0.257021,0.003442,45,44,0.261190,0.250887,0.929104,0.000636,45,46,0.928022,0.929653,0.728418,0.004511,45,44,0.721762,0.733495,0.691490,0.008718,44,43,0.707341,0.683042,0.274006,0.004110,43,44,0.278054,0.266273,0.292309,0.004422,46,44,0.296390,0.284009,0.264522,0.005003,43,44,0.269062,0.254973,0.060788,0.000932,46,44,0.061678,0.058980,0.095068,0.002029,42,44,0.096858,0.091227,0.414934,0.006074,46,44,0.423495,0.405074,0.333946,0.007826,43,44,0.340635,0.319810,0.297727,0.004012,45,44,0.301837,0.290069,0.195187,0.002409,45,44,0.197362,0.190605,0.298516,0.003460,46,44,0.301561,0.291973,155.297576,2.499555,43,46,150.829245,158.265206,150.160800,1.779961,43,46,147.323451,152.451035,157.482030,2.179411,43,46,154.406380,160.625009,0.240036,0.003653,45,44,0.246419,0.235501,0.191375,0.002640,45,44,0.196097,0.188104,0.163158,0.002366,45,44,0.166907,0.159681,0.189804,0.002439,45,44,0.194013,0.186574,0.245287,0.004139,45,44,0.251571,0.239775,0.285239,0.003912,45,44,0.292019,0.280906,0.187713,0.002987,45,44,0.192230,0.183174,0.303326,0.004142,46,44,0.308283,0.296490,0.060124,0.000776,46,44,0.061025,0.059069,0.409369,0.007723,46,45,0.422892,0.401231,4637.848805,298.441257,42,45,4177.979880,5118.131053,62.081116,1.168984,46,44,60.938814,64.291197,96.256625,2.387194,46,44,92.721329,99.888484
recon_only_ph_ps_nonneg,25,5,0.257912,0.003235,45,44,0.261580,0.251914,0.923705,0.000598,45,46,0.922806,0.924348,0.694068,0.004490,45,44,0.687654,0.698917,0.635823,0.011118,44,45,0.655802,0.621920,0.274696,0.004251,46,44,0.279408,0.266889,0.296815,0.005271,46,44,0.303050,0.287041,0.267166,0.005384,46,44,0.273113,0.257294,0.062413,0.001235,42,44,0.063604,0.060107,0.096680,0.002223,42,44,0.098340,0.092294,0.425269,0.007587,46,44,0.434056,0.411242,0.339033,0.007973,46,44,0.348288,0.324764,0.298800,0.004615,45,44,0.304223,0.290877,0.196123,0.002743,45,44,0.199140,0.191108,0.301231,0.004544,46,44,0.306994,0.293954,158.803421,3.000221,43,44,153.800564,162.048067,149.161772,1.743981,43,46,146.528216,151.459384,156.293562,2.126779,43,46,153.421851,159.384671,0.241128,0.003736,45,44,0.247793,0.236938,0.192443,0.002481,45,44,0.197043,0.189580,0.161747,0.002352,45,44,0.165771,0.158388,0.191429,0.002217,45,44,0.195080,0.188767,0.243758,0.004151,45,44,0.250326,0.238115,0.287994,0.003601,45,44,0.294530,0.283559,0.186170,0.002699,45,44,0.190492,0.181991,0.302680,0.003226,46,44,0.307981,0.298030,0.060178,0.000404,42,44,0.060699,0.059573,0.408105,0.004237,46,42,0.416542,0.405552,9578.694401,518.567861,42,44,8782.011387,10220.253278,60.543407,1.270313,46,44,59.226267,62.932337,91.468289,2.580914,46,44,87.904637,95.704280
recon_only_ph_ps_nonneg,30,5,0.256439,0.002115,45,44,0.258529,0.252369,0.917735,0.000763,43,44,0.916797,0.919045,0.662037,0.004834,45,44,0.656539,0.667823,0.627033,0.002405,44,42,0.630992,0.623610,0.270205,0.002566,46,44,0.273762,0.266494,0.296036,0.003459,46,44,0.300505,0.290575,0.263871,0.002872,46,44,0.267932,0.260400,0.063041,0.000888,42,44,0.064226,0.061529,0.095791,0.001618,42,43,0.098637,0.094309,0.429612,0.005146,46,44,0.435589,0.420160,0.335098,0.003636,46,43,0.340570,0.331627,0.297750,0.004262,45,44,0.304772,0.292341,0.195258,0.002707,45,44,0.199200,0.191879,0.299261,0.004928,45,43,0.305379,0.293970,168.632428,3.507937,45,46,163.814685,173.705462,148.006635,1.497251,43,46,145.709732,150.171507,155.067012,1.839440,43,46,152.471114,157.842549,0.242672,0.003495,45,44,0.248881,0.238245,0.193248,0.002854,45,44,0.197845,0.189119,0.163077,0.002380,45,44,0.167228,0.160035,0.192247,0.002546,45,44,0.195969,0.188441,0.245821,0.003974,45,44,0.253053,0.241790,0.288929,0.004116,45,44,0.295791,0.283490,0.187358,0.003011,45,44,0.192855,0.184284,0.293896,0.003490,46,45,0.298367,0.290609,0.057860,0.000877,42,43,0.059484,0.056995,0.395368,0.004851,46,43,0.402389,0.388975,25404.381212,6101.356077,44,43,19168.283838,36513.031952,59.774948,1.334869,46,44,58.102192,62.190071,94.556137,4.184741,45,43,90.322250,102.406422
recon_only_ph_ps_nonneg,35,5,0.259923,0.002821,46,44,0.262107,0.254468,0.912899,0.000708,45,46,0.911681,0.913882,0.636121,0.004017,46,44,0.631518,0.642233,0.669950,0.012058,43,42,0.685368,0.652848,0.273950,0.005019,46,44,0.280267,0.267542,0.303431,0.006039,46,44,0.310360,0.294830,0.268815,0.005873,46,45,0.275939,0.261886,0.065098,0.001300,42,44,0.066598,0.062774,0.097795,0.002154,42,44,0.100771,0.094902,0.445426,0.007833,46,44,0.452838,0.431397,0.342990,0.006865,46,45,0.351053,0.334419,0.302089,0.005607,45,44,0.305537,0.290920,0.198868,0.003562,42,44,0.201778,0.191909,0.306334,0.006134,46,44,0.311770,0.294448,170.342327,3.957305,43,44,162.955869,174.644898,145.162629,1.713963,43,46,142.060462,147.074037,151.506725,1.753218,43,46,148.670091,154.065981,0.245896,0.003311,45,44,0.251199,0.241395,0.196091,0.003054,45,44,0.200936,0.191580,0.165440,0.002498,45,44,0.170117,0.162962,0.194618,0.002837,45,44,0.198103,0.189627,0.248334,0.004094,45,44,0.255720,0.244043,0.293073,0.005071,45,44,0.300299,0.284636,0.189766,0.003670,45,44,0.196781,0.186655,0.296502,0.005519,42,45,0.303632,0.289357,0.058085,0.001102,42,45,0.060107,0.056995,0.398971,0.006537,42,45,0.407300,0.389028,34469.288275,4350.124772,42,45,29619.711644,40720.952822,58.610754,1.012861,46,44,57.526159,60.494576,89.874030,2.916192,46,44,86.161330,94.298964
recon_only_ph_ps_nonneg,40,5,0.260271,0.003398,42,44,0.264162,0.254425,0.909743,0.000949,45,46,0.908734,0.911196,0.608953,0.004042,46,44,0.604354,0.615244,0.681326,0.010435,43,46,0.700161,0.668630,0.271800,0.006300,42,45,0.279084,0.264220,0.302681,0.007250,42,44,0.310819,0.293911,0.265110,0.006861,42,44,0.272280,0.256773,0.065329,0.001303,42,44,0.066805,0.063574,0.096076,0.001976,42,44,0.098103,0.093539,0.449049,0.008373,46,44,0.456916,0.437498,0.337377,0.007668,46,44,0.344836,0.327270,0.307483,0.004110,46,44,0.310724,0.299364,0.202241,0.003062,42,44,0.204298,0.196177,0.313441,0.005196,46,44,0.320486,0.304622,170.886671,4.249378,43,44,163.062870,174.940275,144.414668,1.786025,43,46,141.493621,146.898187,150.582213,2.083598,43,46,147.277425,153.804910,0.248741,0.003150,45,44,0.253854,0.244598,0.198884,0.002423,45,44,0.202798,0.195216,0.167748,0.001309,45,44,0.169811,0.165711,0.196734,0.002438,45,44,0.200682,0.193183,0.250611,0.002397,45,44,0.254772,0.247896,0.296533,0.004107,45,44,0.302890,0.290763,0.191853,0.001441,45,44,0.194231,0.190147,0.289995,0.006466,42,45,0.298236,0.281726,0.056752,0.000981,42,45,0.058328,0.055661,0.390380,0.006328,43,44,0.396518,0.382395,50332.740700,5767.248524,46,45,43949.919887,58980.885222,58.885835,1.036196,46,44,58.132495,60.937048,87.321510,2.528958,46,44,84.926535,90.914619
